Symbol,Full Name,GICS Sector,Cluster,governanceScore,environmentScore,Stock_return,marketCap
A,Agilent Technologies,Health Care,0,-0.2775489902352121,-0.916056441411941,-0.631428742729171,-0.2237798385066222
AAL,American Airlines Group,Industrials,2,-0.8963673536530472,0.8161528521728492,-0.8427746249269431,-0.3279252744570412
AAPL,Apple Inc.,Information Technology,1,1.232552538403833,-1.045677545013524,0.9293166082064136,10.237991113484869
ABBV,AbbVie,Health Care,3,1.6897392397349202,-0.6685979708998281,-0.1758562095335527,0.746294418974888
ABT,Abbott Laboratories,Health Care,0,0.7522755996317823,-0.6902014881667586,-0.4872848888608331,0.3088354493997232
ACGL,Arch Capital Group,Financials,3,1.934495756609139,-0.8473179773807986,0.8931137779648883,-0.2138083598671646
ACN,Accenture,Information Technology,0,-1.057999015739795,-0.974975124867206,-0.0758096781179324,0.3267692356103248
ADBE,Adobe Inc.,Information Technology,0,-0.7162635016135277,-0.7550120399675501,0.7052877064459497,0.3913983787484807
ADI,Analog Devices,Information Technology,2,0.1288391887257545,0.6845677924560908,0.2446283287701348,0.0079638979114498
ADM,Archer Daniels Midland,Consumer Staples,2,-0.7809161664482271,2.132003449340434,-1.1151190951513996,-0.2586166909049232
ADP,Automatic Data Processing,Industrials,0,-0.5592498870149726,-0.5861118140624572,-0.2611579159766453,0.0145734759231339
ADSK,Autodesk,Information Technology,0,-0.8363327363065408,-0.4132836759270131,0.1558107812382399,-0.1661230769323734
AEE,Ameren,Utilities,2,-0.6700830267315999,1.3876640816889194,-0.6671844038099812,-0.2782260584105756
AEP,American Electric Power,Utilities,2,-0.6100484093850935,1.350348915500585,-0.4457953980430952,-0.1720734368102668
AES,AES Corporation,Utilities,2,-0.6654649792434072,1.468186282411115,-1.2411272286535997,-0.3075475598909336
AFL,Aflac,Financials,0,1.015504306458772,-1.077100842856332,0.4154756433826709,-0.1532724487827811
AIG,American International Group,Financials,3,2.84425111178312,-0.8119667673076395,-0.1484550763156122,-0.1992250388005903
AIZ,Assurant,Financials,3,2.2900854131999844,-0.8158946795379906,0.4161966993961689,-0.3189211452980059
AJG,Arthur J. Gallagher & Co.,Financials,3,1.5927602424828715,-1.1183439212750177,0.4520799025392507,-0.1406353444067968
AKAM,Akamai Technologies,Information Technology,0,0.1057489512847902,-0.5468326917589471,-0.1943586337081871,-0.3031564262479257
ALB,Albemarle Corporation,Materials,2,-0.1713338980067775,1.8865089349434965,-1.5763029093818766,-0.3175756731255264
ALL,Allstate,Financials,3,1.9298777091209465,-0.9337320464485204,0.1325887804491624,-0.18984129665199
ALLE,Allegion,Industrials,2,-0.7670620239836486,1.004692639229697,-0.0333926653418097,-0.3113598659297312
AMAT,Applied Materials,Information Technology,0,-0.6562288842670214,-0.2542032305977977,1.299430432797583,0.1480058585197545
AME,Ametek,Industrials,2,0.0133880015209345,0.5628025133152099,-0.161091127152427,-0.2260988072255135
AMGN,Amgen,Health Care,0,0.4844288453165999,-0.9926507299037852,-0.0569733116667855,0.2230191578235816
AMP,Ameriprise Financial,Financials,3,1.6805031447585348,-0.727516654355093,0.2466045611591918,-0.2088340428718222
AMT,American Tower,Real Estate,0,-0.7116454541253351,-0.5664722529107021,-0.4693973578696386,0.0091347387984823
AMZN,Amazon,Consumer Discretionary,1,1.1632818260809417,0.0423541427937026,1.3716556831142277,5.950022325210599
ANET,Arista Networks,Information Technology,0,0.3181791357416589,-1.0574612817045768,2.868982383613728,0.0128113586774332
ANSS,Ansys,Information Technology,0,-0.7532078815190701,-0.4466709298849967,0.0692071828996477,-0.2624239963869618
AOS,A. O. Smith,Industrials,2,-0.1297714706130424,0.2682090960388851,0.2007350997740136,-0.3132102693209474
APA,APA Corporation,Energy,2,0.5814078425686486,3.1807560148441505,-1.1633960815068891,-0.3214846511119307
APD,Air Products,Materials,2,-1.5475120494882315,0.3212359111486235,-0.707768140640544,-0.1435564327969073
APH,Amphenol,Information Technology,2,0.4151581329937077,0.3015963499968686,0.8133519501858676,-0.1039105054854279
APTV,Aptiv,Consumer Discretionary,0,-0.6654649792434072,-0.8512458896111494,-0.956560066255782,-0.2984853568317749
ARE,Alexandria Real Estate Equities,Real Estate,0,-0.1759519454949702,-0.3681126852779767,-0.8496712007069477,-0.2814062085392004
ATO,Atmos Energy,Utilities,2,-0.157479755542199,1.7765273924936684,-0.2349059431085712,-0.2825934196699385
AVB,AvalonBay Communities,Real Estate,0,-0.9009854011412398,-0.5546885162196492,0.1595131131830215,-0.2450973369840182
AVGO,Broadcom,Information Technology,0,-0.0281744258728009,0.3055242622272194,2.902884185741056,2.086424575624969
AVY,Avery Dennison,Materials,2,-1.381262339913291,1.106818357218823,-0.172389325299601,-0.2943118954505808
AWK,American Water Works,Utilities,2,-0.7855342139364199,0.6393968018070542,-0.6737126892130758,-0.2576480567419915
AXP,American Express,Financials,3,1.3849481055141954,-1.1261997457357191,0.7998166228761031,0.2546741033187122
AZO,AutoZone,Consumer Discretionary,0,-1.3258457700549773,-1.1144160090446664,0.0013314216844166,-0.1812994640305613
BA,Boeing,Industrials,2,0.7338034096790107,0.6001176795035443,-0.7439856938444607,-0.0418771250421321
BAC,Bank of America,Financials,3,2.206960558412514,-0.7962551183862354,-0.1632400334950089,0.6344685999347316
BALL,Ball Corporation,Materials,2,-1.3674081974487124,0.3565871212217824,-0.1423299042165053,-0.2859340152940468
BAX,Baxter International,Health Care,0,0.2027279485368389,-0.5802199457169306,-1.0031375174415071,-0.2855030857356628
BBWI,"Bath & Body Works, Inc.",Consumer Discretionary,2,-0.3791460349754536,1.2541150658569855,-1.0584593589115483,-0.3309647707674601
BBY,Best Buy,Consumer Discretionary,0,-1.0626170632279877,-0.6646700586694771,-0.1054141848293054,-0.2828651999297884
BDX,Becton Dickinson,Health Care,0,0.1981099010486463,-0.5389768672982451,-0.6426173539634875,-0.1341587812049012
BEN,Franklin Templeton,Financials,0,0.2766167083479238,-0.916056441411941,-0.997853232206336,-0.3172987508457988
BG,Bunge Global,Consumer Staples,2,-0.6608469317552145,1.6901133234259464,-0.4391010584462387,-0.307034456709704
BIIB,Biogen,Health Care,0,0.3089430407652735,-1.053533369474226,-0.9894281536966864,-0.2580943037952897
BIO,Bio-Rad Laboratories,Health Care,0,0.1380752837021399,-0.8983808363753615,-0.9050889032559588,-0.3217284874710499
BK,BNY Mellon,Financials,3,1.4957812452308226,-0.9140924852967656,0.2940576691335599,-0.1836111029859927
BKNG,Booking Holdings,Consumer Discretionary,0,0.6599146498679266,-0.943551827024398,1.0939503819557796,0.0838979576269215
BLK,BlackRock,Financials,3,1.518871482671787,-0.959263475945802,-0.0735836234286683,0.0789654610773158
BMY,Bristol Myers Squibb,Health Care,0,0.1704016161194896,-0.8787412752236065,-1.0956788848994552,-0.0291389173040974
BR,Broadridge Financial Solutions,Industrials,0,-0.8132424988655765,-0.3131219140530626,0.486767916574759,-0.2721365646205438
BRO,Brown & Brown,Financials,3,1.791336284475162,-1.1104880968143154,0.9733912221184466,-0.2569124419443476
BSX,Boston Scientific,Health Care,0,1.0108862589705792,-0.6725258831301791,0.8345848300486444,0.0436060768164225
BWA,BorgWarner,Consumer Discretionary,0,-0.4576528422747312,-0.6116432435597386,-0.6162295033538103,-0.3274169662175722
BX,Blackstone Inc.,Financials,3,2.1192176561368505,-0.6411025852873711,0.9985825471703524,0.2550067192993429
BXP,"BXP, Inc.",Real Estate,0,-0.5777220769677438,-0.6371746730570201,-0.317754177618431,-0.3051283563277447
C,Citigroup,Financials,3,3.227549053303122,-0.7825074255800071,0.1072308513153106,0.0119116006041763
CAG,Conagra Brands,Consumer Staples,2,-0.9240756385822038,0.9673774730413628,-0.896241476737761,-0.3013185933352463
CAH,Cardinal Health,Health Care,0,-0.157479755542199,-0.9062366608360636,0.2862632306274779,-0.2627470849910306
CAT,Caterpillar Inc.,Industrials,2,0.6275883174505769,0.9123867018164488,0.3247464410666859,0.199503486971423
CB,Chubb Limited,Financials,3,1.80519042693974,-0.849281933495974,-0.0367943451898277,0.0258627854996178
CBOE,Cboe Global Markets,Financials,3,1.8190445694043191,-0.5998595068686856,0.5649514648817723,-0.2796710679812783
CBRE,CBRE Group,Real Estate,0,-0.9517839235113608,-0.849281933495974,0.2841777207751558,-0.23384634088386
CCI,Crown Castle,Real Estate,0,-1.085707300668952,-0.3347254313199932,-0.8848395461510128,-0.183605102317882
CCL,Carnival,Consumer Discretionary,0,-0.8040064038891911,0.7100992219533724,1.3544723873842153,-0.2764435046789626
CDNS,Cadence Design Systems,Information Technology,0,-0.8732771162120833,-0.6784177514757056,0.669250894424518,-0.1097561300179408
CDW,CDW,Information Technology,0,-1.469005242188954,-0.6489584097480731,-0.0905313003675264,-0.2556554269890623
CE,Celanese,Materials,2,-0.5223055071094302,1.7509959629963867,-0.0549349391171319,-0.3073455999048308
CF,CF Industries,Materials,2,-0.5915762194323223,2.0436254241575367,-0.522398854529254,-0.3042706095109431
CFG,Citizens Financial Group,Financials,3,2.18387032097155,-0.7510841277371991,-0.3889022774090318,-0.2930169289013669
CHD,Church & Dwight,Consumer Staples,2,-0.0189383308964151,0.2171462370443219,-0.1169004992809631,-0.2687337910209458
CHRW,C.H. Robinson,Industrials,0,-0.646992789290636,-0.2070682838335857,-0.2867432120112266,-0.3136950272409696
CHTR,Charter Communications,Communication Services,0,0.5767897950804559,0.05217392336958,-0.5161136497250234,-0.1940261704880504
CI,Cigna,Health Care,0,-0.4853611272038878,-1.132091614081246,-0.3242203674278833,-0.0220177560172512
CINF,Cincinnati Financial,Financials,3,2.8534872067595063,-0.7903632500407091,0.0169478020255069,-0.2826333056897713
CL,Colgate-Palmolive,Consumer Staples,2,-0.0743549007547288,0.4979919615144185,0.0674378444114121,-0.0747292301440793
CLX,Clorox,Consumer Staples,2,-0.6423747418024432,0.3801545946038884,-0.3466595662427832,-0.2854548172035789
CMCSA,Comcast,Communication Services,0,0.7060951247498545,-0.3582929047020992,-0.3473121719002177,0.1372028662474401
CME,CME Group,Financials,0,1.1494276836163628,-0.7176968737792156,-0.0550522674500912,-0.0986759226701411
CMG,Chipotle Mexican Grill,Consumer Discretionary,0,-1.1226516805744944,0.197506675892567,1.3096363445443704,-0.0941050716490879
CMI,Cummins,Industrials,2,-0.3514377500462965,-0.0322761895829663,-0.0177911809792135,-0.2187021942174075
CMS,CMS Energy,Utilities,2,-0.6747010742197926,0.7513423003720577,-0.4319735472574563,-0.2838495134700315
CNC,Centene Corporation,Health Care,0,-0.0882090432193073,-1.1183439212750177,-0.567391334541661,-0.2220891107883357
CNP,CenterPoint Energy,Utilities,2,-0.7208815491017209,1.401411774495148,-0.6829556385763046,-0.2921953111071488
COF,Capital One,Financials,3,1.5650519575537147,-1.1104880968143154,0.4841127385899063,-0.1735074912138595
COO,Cooper Companies (The),Health Care,0,-0.3422016550699112,-0.6057513752142121,-0.065169376840294,-0.2803232524372067
COP,ConocoPhillips,Energy,2,0.729185362190818,2.3146513680517558,-0.5365915388077963,0.052515121375638
COR,Cencora,Health Care,0,-0.4853611272038878,-0.8276784162290435,0.2670156913467232,-0.1995785123666498
COST,Costco,Consumer Staples,0,-0.531541602085816,0.1444798607828284,1.174049749018143,0.941602164421221
CPB,Campbell Soup Company,Consumer Staples,2,-1.0302907308106384,0.9988007708841704,-0.7519783529725056,-0.3020368344879927
CPRT,Copart,Industrials,0,-0.5130694121330448,-0.845354021265623,0.738178920101414,-0.1946855596935197
CPT,Camden Property Trust,Real Estate,0,0.6783868398206974,-0.3504370802413972,-0.3140254119393199,-0.30869232550634
CRM,Salesforce,Information Technology,0,-0.6054303618969009,-0.7412643471613216,1.01001017805213,0.4322920370868416
CSCO,Cisco,Information Technology,0,-0.0882090432193073,-1.0476415011286997,-0.4507540332887093,0.2973867536562272
CSGP,CoStar Group,Real Estate,0,0.4659566553638287,-0.1815368543363042,-0.555123511058556,-0.2489262040772399
CSX,CSX Corporation,Industrials,2,-0.8594229737475048,0.2466055787719545,-0.3520640435438677,-0.1392815884172652
CTAS,Cintas,Industrials,0,-0.3791460349754536,-0.5409408234134206,0.8621655585409855,-0.0860866525673643
CTRA,Coterra,Energy,2,0.3551235156472014,2.8429555630339647,-0.4613779287230798,-0.2968410717843873
CTSH,Cognizant,Information Technology,0,-0.365291892510875,-0.9180203975271164,0.0754712855418307,-0.2274903437372951
CVS,CVS Health,Health Care,0,-0.2452226578178624,-1.1301276579660704,-1.229243565842454,-0.1155856738126656
CVX,Chevron Corporation,Energy,2,1.7174475246640772,2.204669825601928,-0.8130297510586716,0.4846328120455115
D,Dominion Energy,Utilities,2,-0.4992152696684663,1.208944075207949,-0.7466004926919884,-0.1937368882795441
DAL,Delta Air Lines,Industrials,0,-0.416090414880996,0.8043691154817965,-0.0088058962648766,-0.2546981427740374
DD,DuPont,Materials,2,-0.3514377500462965,1.7431401385356848,-0.1500175371941824,-0.2403517494026389
DE,Deere & Company,Industrials,0,-0.0974451381956927,-0.6116432435597386,-0.7085461805275822,-0.0017537629944104
DFS,Discover Financial,Financials,3,1.7590099520578124,-1.1104880968143154,0.2171482711150088,-0.2405160834889704
DG,Dollar General,Consumer Staples,0,-0.5407776970622015,-0.4486348860001722,-1.7263558722526664,-0.2907233972251468
DGX,Quest Diagnostics,Health Care,0,0.5998800325214199,-1.1104880968143154,-0.533427599512291,-0.2955726213453558
DHI,DR Horton,Consumer Discretionary,0,-0.4807430797156951,0.5745862500062631,1.374624314637065,-0.1469928548797493
DHR,Danaher Corporation,Health Care,0,-0.623902551849672,-0.8708854507629046,-0.2658943663921854,0.2889744486142156
DIS,Walt Disney Company (The),Communication Services,0,0.0041519065445487,-1.128163701850895,-0.5189571545747146,0.1895645909070581
DLR,Digital Realty,Real Estate,0,0.1380752837021399,-0.5861118140624572,0.2957295632684629,-0.1789358192848365
DLTR,Dollar Tree,Consumer Staples,0,-1.2381028677793144,-0.4898779644188576,-1.2535828145998933,-0.3007245666703607
DOV,Dover Corporation,Industrials,0,-0.5915762194323223,0.4312174535984515,0.1232262849542964,-0.2683135271237543
DPZ,Domino's,Consumer Discretionary,2,-0.1667158505185848,0.9555937363503098,-0.1546564547985527,-0.3051503192994045
DRI,Darden Restaurants,Consumer Discretionary,2,-0.993346350905096,0.4194337169073984,-0.3161990414482148,-0.2900146669997624
DTE,DTE Energy,Utilities,2,-0.9102214961176252,1.8158065147971785,-0.4391776400074019,-0.2674498849137211
DUK,Duke Energy,Utilities,2,-0.8732771162120833,1.126457918370578,-0.3714963579988156,-0.0594922705123084
DVA,DaVita,Health Care,0,0.7938380270255174,-1.1222718335053683,1.2590703391275424,-0.3069651957087523
DVN,Devon Energy,Energy,2,0.3828318005763584,2.3342909292035103,-0.9549230832855652,-0.2700939095609851
DXCM,Dexcom,Health Care,0,0.6368244124269623,-0.0853030046927049,-1.2500397318008192,-0.261256116355905
EA,Electronic Arts,Communication Services,0,-0.9102214961176252,-1.1104880968143154,-0.1272355419782305,-0.2271249872692531
EBAY,eBay,Consumer Discretionary,0,0.2350542809541887,-0.5978955507535101,0.1673773368913343,-0.249563676368809
ECL,Ecolab,Materials,0,-0.6608469317552145,0.5411989960482793,0.731886628529724,-0.1200310634965083
ED,Consolidated Edison,Utilities,2,-0.2867850852115975,0.2112543686987956,-0.4395009559140385,-0.2348903123821735
EFX,Equifax,Industrials,0,0.0364782389618984,-1.1203078773901929,0.4278514960700975,-0.2305983739940317
EG,Everest Group,Financials,3,1.4819271027662446,-0.8630296263022026,-0.2334210631275331,-0.2976136742528476
EIX,Edison International,Utilities,2,-0.7347356915662989,1.0204042881511013,0.0817118604278343,-0.2444830778032987
EL,Est√©e Lauder Companies (The),Consumer Staples,0,0.3597415631353945,0.228929973735375,-1.6824668378932042,-0.2533822396832352
ELV,Elevance Health,Health Care,0,-0.6516108367788287,-1.1222718335053683,-0.3536258026279996,0.0608586819215737
EMN,Eastman Chemical Company,Materials,2,-0.0512646633137648,1.385700125573744,-0.1092559278437105,-0.3117215410668434
EMR,Emerson Electric,Industrials,2,-0.0697368532665361,0.5863699866973158,-0.3755594271974181,-0.1605565361044505
EOG,EOG Resources,Energy,2,0.2904708508125023,2.8233160018822097,-0.4847252933465679,-0.1264532522233301
EQIX,Equinix,Real Estate,0,-0.7254995965899136,-0.4604186226912252,-0.0862406198300231,-0.0841091692376708
EQR,Equity Residential,Real Estate,0,-0.300639227676176,-0.5507606039892982,-0.0627673937871841,-0.2538487916288469
EQT,EQT Corporation,Energy,2,0.5767897950804559,2.3323269730883345,-0.4527498546664905,-0.2874632052899788
ES,Eversource,Utilities,0,-0.6054303618969009,-0.2188520205246388,-0.899215591379002,-0.2729562874669375
ESS,Essex Property Trust,Real Estate,0,-0.2636948477706336,-0.4564907104608742,0.2136633520702187,-0.2841846428884015
ETN,Eaton Corporation,Industrials,0,-0.4530347947865384,-0.0636994874257743,1.1331073953431476,0.0472075041129505
ETR,Entergy,Utilities,2,-0.6377566943142502,1.621374859394804,-0.3589064355329718,-0.2628162440069431
EW,Edwards Lifesciences,Health Care,0,0.4290122754582862,-0.5743280773714041,-0.6502222732644457,-0.2213782421669688
EXC,Exelon,Utilities,2,-0.1205353756366566,0.3133800866879214,-0.7558292590158031,-0.221536654541349
EXPD,Expeditors International,Industrials,0,-0.8594229737475048,-0.3209777385137646,-0.235194237760837,-0.2954054974747271
EXPE,Expedia Group,Consumer Discretionary,3,1.560433910065522,-0.2974102651316588,0.4946567555108336,-0.2947003005374737
EXR,Extra Space Storage,Real Estate,0,0.2581445183951526,-0.3052660895923607,-0.1443330943451324,-0.2256290575554481
F,Ford Motor Company,Consumer Discretionary,2,0.8354004544192525,0.3231998672637989,-0.6216533192891102,-0.2122834137647978
FAST,Fastenal,Industrials,2,0.1842557585840677,0.6865317485712662,0.2355530917438953,-0.221623295766878
FCX,Freeport-McMoRan,Materials,2,-0.1390075655894278,1.8609775054462148,-0.2491162988572534,-0.1523930613986371
FDS,FactSet,Financials,0,-0.646992789290636,-0.2875904845557812,-0.4732370680783903,-0.2960099068745676
FDX,FedEx,Industrials,0,-0.503833317156659,-0.0244203651222643,0.6706585049843343,-0.1174850168633203
FE,FirstEnergy,Utilities,2,-0.4207084623691887,0.9791612097324156,-0.4672185108983065,-0.2694502063125071
FFIV,"F5, Inc.",Information Technology,0,-0.6008123144087077,-0.3229416946289403,0.1679993476574936,-0.3113000796679017
FI,Fiserv,Financials,0,0.0318601914737053,-0.3268696068592912,0.7412504253100809,-0.0271556175373317
FIS,Fidelity National Information Services,Financials,0,-0.6885552166843711,-0.3327614752048177,-0.1865293586882467,-0.2024373175063914
FITB,Fifth Third Bank,Financials,0,0.3689776581117799,-0.9023087486057126,-4.6855037136902126e-05,-0.2591799509863813
FMC,FMC Corporation,Materials,2,0.3505054681590087,1.6822574989652443,-1.4053355063706543,-0.3260827633919202
FRT,Federal Realty,Real Estate,0,-0.4068543199046102,-0.6902014881667586,-0.3335454853844583,-0.3197452535010836
FTNT,Fortinet,Information Technology,0,-0.1528617080540063,-0.6450304975177221,0.4851704577470734,-0.1638904862518132
FTV,Fortive,Industrials,2,-0.9240756385822038,2.023985863005781,-0.2670705975623594,-0.2673791204559018
GD,General Dynamics,Industrials,2,0.1057489512847902,0.7042073536078457,-0.184332917232641,-0.0799902369540293
GE,GE Aerospace,Industrials,0,1.939113804097332,1.660653981698314,3.536210757154933,0.276705661562249
GEN,Gen Digital,Information Technology,0,-0.6054303618969009,-0.4780942277278047,-0.1493605660822361,-0.2991667813853834
GILD,Gilead Sciences,Health Care,0,0.4243942279700935,-0.9396239147940468,-0.6800745269900462,-0.0193066910110172
GIS,General Mills,Consumer Staples,2,-1.2057765353619647,0.4979919615144185,-0.780470516318028,-0.2180332381572968
GL,Globe Life,Financials,3,1.749773857081427,-0.8257144601138681,-0.7631355030334078,-0.3208460536950908
GLW,Corning Inc.,Information Technology,2,-0.2636948477706336,-0.0499517946195458,-0.0387711838410736,-0.2324541595634437
GM,General Motors,Consumer Discretionary,2,0.2258181859778033,0.7945493349059188,0.2913497534275904,-0.1799040191888918
GOOGL,Alphabet Inc. (Class A),Communication Services,1,2.220814700877092,-0.8296423723442189,0.933374462596065,5.966666283602024
GPC,Genuine Parts Company,Consumer Discretionary,0,-1.339699912519556,-0.2188520205246388,-0.824911600370218,-0.290015318388077
GPN,Global Payments,Financials,0,-0.0743549007547288,-0.4191755442725397,-0.3554319581130931,-0.2598815817371039
GRMN,Garmin,Consumer Discretionary,0,-1.1318877755508798,-0.1972485032577082,1.156526306302446,-0.244893485339931
GS,Goldman Sachs,Financials,3,2.3639741730110693,-0.963191388176153,0.2946612653669059,0.1409758126408006
GWW,W. W. Grainger,Industrials,0,-0.365291892510875,-0.2443834500219202,0.8239328356372496,-0.1924349538492673
HAL,Halliburton,Energy,2,0.1103669987729833,0.7866935104452166,-0.857078558333151,-0.2683884696783394
HAS,Hasbro,Consumer Discretionary,0,-1.173450202944615,-1.128163701850895,-0.3690100537577184,-0.3199523686664241
HBAN,Huntington Bancshares,Financials,0,0.91390726171853,-0.7491201716220236,-0.4374859825498794,-0.2831776031336249
HCA,HCA Healthcare,Health Care,0,0.2396723284423814,-0.3700766413931522,0.5660820625548689,-0.0169987498357154
HD,Home Depot (The),Consumer Discretionary,0,-1.358172102472327,-0.4839860960733312,-0.2513373982565078,0.8714983591059083
HES,Hess Corporation,Energy,2,0.1288391887257545,2.581749399715623,-0.500358621477638,-0.2220041802795926
HIG,Hartford (The),Financials,0,0.4059220380173223,-0.7805434694648316,0.4137666842499555,-0.2412850046265009
HLT,Hilton Worldwide,Consumer Discretionary,0,-1.0395268257870238,0.0639576600606331,0.7973465052528862,-0.1770160660669893
HOLX,Hologic,Health Care,0,0.7615116946081677,-0.2384915816763937,-0.413300598765941,-0.2897787854736979
HON,Honeywell,Industrials,2,0.1565474736549111,1.0223682442662767,-0.6000940826620431,0.07480197120108
HPE,Hewlett Packard Enterprise,Information Technology,0,-0.5084513646448521,-0.9494436953699243,-0.1809235696563165,-0.275556386170882
HPQ,HP Inc.,Information Technology,0,-0.2821670377234048,-1.1144160090446664,0.0792297818040829,-0.2449250743833518
HRL,Hormel Foods,Consumer Staples,2,-0.3237294651171399,1.4780060629869929,-1.05975022481869,-0.2941823086540442
HSIC,Henry Schein,Health Care,0,-0.1944241354477414,-0.743228303276497,-0.7491194439553488,-0.3224915954613481
HST,Host Hotels & Resorts,Real Estate,0,-0.5453957445503945,-0.4977337888795596,-0.3496986604374831,-0.2712969119235937
HSY,Hershey Company (The),Consumer Staples,2,-0.7208815491017209,0.9300623068530282,-0.8122999323206779,-0.2209860406047471
HUBB,Hubbell Incorporated,Industrials,0,-0.827096641330155,-0.0362041018133174,0.7063595098077167,-0.2805598248296655
HUM,Humana,Health Care,0,-0.4437986998101526,-1.1340555701964214,-1.0654881540871508,-0.2295552578541111
IBM,IBM,Information Technology,0,-0.2590768002824409,-0.786435337810358,0.2132899681117007,0.2822052738857611
ICE,Intercontinental Exchange,Financials,0,0.9785599265532297,-0.802146986731762,0.4566617268744906,-0.0511781606138111
IDXX,Idexx Laboratories,Health Care,0,1.0339764964115428,-0.621463024135616,-0.2175060753887437,-0.2160338839714628
IEX,IDEX Corporation,Industrials,2,-0.6285205993378647,0.8829273600888161,-0.7252620595485727,-0.3017082518511689
IFF,International Flavors & Fragrances,Materials,2,-0.0327924733609936,0.9241704385075018,-0.574866212399568,-0.2658893032647667
INCY,Incyte,Health Care,0,0.3274152307180448,-0.927840178102994,-0.8573477398609362,-0.3103872740893119
INTC,Intel,Information Technology,0,-0.0374105208491863,-0.1677891615300758,-0.8588599065062096,-0.0565445212590566
INTU,Intuit,Information Technology,0,-0.9102214961176252,-0.9455157831395736,0.5387909066816154,0.2304594599065291
IP,International Paper,Materials,2,-0.8732771162120833,1.8393739881792843,0.1056800605085405,-0.2958797344865157
IPG,Interpublic Group of Companies (The),Communication Services,0,-0.6562288842670214,-1.128163701850895,-0.6091618412587936,-0.3138074805509269
IQV,IQVIA,Health Care,0,0.2396723284423814,-0.8807052313387821,-0.1314716306608525,-0.2109400799883007
IRM,Iron Mountain,Real Estate,0,-0.4345626048337672,-0.1540414687238473,1.7275647713274382,-0.240108485475675
ISRG,Intuitive Surgical,Health Care,0,0.525991272710335,-0.4191755442725397,0.971243348163942,0.2095084430224458
IT,Gartner,Information Technology,0,-0.4899791746920809,-1.1144160090446664,0.2661064048601466,-0.225210458317283
ITW,Illinois Tool Works,Industrials,2,-0.0835909957311146,0.2387497543112525,-0.2821192281777852,-0.108133317756057
IVZ,Invesco,Financials,3,2.0037664689320303,-0.9926507299037852,-0.6573083633615957,-0.3274910797324841
J,Jacobs Solutions,Industrials,2,-0.4992152696684663,-0.0970867413837578,-0.1136584614996743,-0.2936353661788522
JBHT,J.B. Hunt,Industrials,0,-0.7855342139364199,-0.4918419205340332,-0.5409387141194876,-0.2964487879761662
JCI,Johnson Controls,Industrials,0,-0.6054303618969009,-0.2542032305977977,-0.3245413675092781,-0.1951018428843438
JKHY,Jack Henry & Associates,Financials,0,-0.4715069847393097,-0.2875904845557812,-0.5780896209248914,-0.3100182790582598
JNJ,Johnson & Johnson,Health Care,0,0.6137341749859979,-0.955335563715451,-0.6700584709602688,0.940597842074262
JNPR,Juniper Networks,Information Technology,0,-0.416090414880996,-0.778579513349656,-0.200286033171555,-0.3102171696236677
JPM,JPMorgan Chase,Financials,3,2.3085576031527557,-0.9180203975271164,0.6321232822827803,1.5612086247142274
K,Kellanova,Consumer Staples,2,-1.0718531582043735,0.9536297802351344,-0.1836472810023403,-0.2623395725135745
KEY,KeyCorp,Financials,3,1.8282806643807048,-0.8237505039986925,-0.6026069525631619,-0.3020836522006485
KEYS,Keysight,Information Technology,0,-0.9471658760231676,-0.900344792490537,-0.7219418400219596,-0.2675865711849195
KHC,Kraft Heinz,Consumer Staples,2,-0.2452226578178624,1.5133572730601514,-0.7802095209284117,-0.2153806796651427
KIM,Kimco Realty,Real Estate,0,-0.3375836075817184,-0.6744898392453545,-0.3781400019201825,-0.2993840950546401
KLAC,KLA Corporation,Information Technology,0,-0.9517839235113608,0.319271955033448,1.5426092970967256,-0.0320795605030075
KMB,Kimberly-Clark,Consumer Staples,2,0.4336303229464789,0.9123867018164488,-0.4492779314673759,-0.1954585931310164
KMI,Kinder Morgan,Energy,2,-1.4828593846535325,0.4901361370537163,-0.1959091492155166,-0.1977575727822318
KMX,CarMax,Consumer Discretionary,0,-1.2519570102438926,-1.1183439212750177,0.1534460693405875,-0.3116825597530032
KO,Coca-Cola Company (The),Consumer Staples,2,-0.850186878771119,0.2839207449602891,-0.278415569106775,0.642684462052275
KR,Kroger,Consumer Staples,2,-0.5084513646448521,0.150371729128355,-0.1979186362265918,-0.2209734470973305
L,Loews Corporation,Financials,3,2.2300507958534777,-1.0201461155162426,0.1609758358329385,-0.2955752005798946
LDOS,Leidos,Industrials,0,-0.6700830267315999,-0.4741663154974536,0.3657774855919323,-0.2844902163844541
LEN,Lennar,Consumer Discretionary,0,-0.531541602085816,1.075395059376015,1.1929300171528228,-0.1879364661482603
LH,LabCorp,Health Care,0,-0.0466466158255721,-1.0515694133590503,-0.3243532103178838,-0.2902555688216257
LKQ,LKQ Corporation,Consumer Discretionary,0,-1.5844564293937742,-0.3897162025449072,-0.951880807136618,-0.3169506002408155
LLY,Lilly (Eli),Health Care,0,1.1263374461753992,-0.6371746730570201,2.349451396738232,2.2699323756935685
LMT,Lockheed Martin,Industrials,2,0.1888738060722609,0.4272895413681004,-0.2101311223629387,0.08723851377295
LNT,Alliant Energy,Utilities,2,-0.1944241354477414,0.5411989960482793,-0.4540579797545466,-0.3016277724959093
LOW,Lowe's,Consumer Discretionary,0,-1.630636904275702,-0.4859500521885067,-0.1056062067636243,0.1163969707842459
LRCX,Lam Research,Information Technology,0,-0.7208815491017209,-0.2522392744826223,1.1970818967182943,-0.0318562988030795
LULU,Lululemon Athletica,Consumer Discretionary,0,-0.55463183952678,-0.8257144601138681,-0.8982557860073925,-0.2468447157466399
LUV,Southwest Airlines,Industrials,2,-0.3468197025581039,1.032188024842154,-0.7476802429315372,-0.2965543227526603
LVS,Las Vegas Sands,Consumer Discretionary,0,0.9092892142303374,-0.6843096198212322,-0.9195367267091084,-0.2535411521132913
LYB,LyondellBasell,Materials,2,-0.7439717865426848,1.515321229175327,-0.2359357721917195,-0.2522820250807432
MA,Mastercard,Financials,0,0.7245673147026253,-0.7137689615488646,0.1524150854124752,1.135464696326773
MAA,Mid-America Apartment Communities,Real Estate,0,-0.2082782779123199,-0.3700766413931522,-0.4676633130996664,-0.2872599984545262
MAR,Marriott International,Consumer Discretionary,2,-1.376644292425098,0.543162952163455,0.4983697672494844,-0.1383924104693615
MAS,Masco,Industrials,2,0.0549504289146696,0.7749097737541639,0.6571162246072808,-0.2945213595616621
MCD,McDonald's,Consumer Discretionary,2,-0.3976182249282248,0.3487312967610804,-0.3835759510873513,0.3254938830870299
MCHP,Microchip Technology,Information Technology,2,0.322797183229852,1.8590135493310396,-0.2113071549012036,-0.2187710176696428
MCK,McKesson Corporation,Health Care,0,-0.1898060879595487,-0.8119667673076395,0.339288805075128,-0.1349261692770043
MCO,Moody's Corporation,Financials,0,0.6552966023797331,-0.8198225917683415,0.8106210489295068,-0.0678663870919134
MDLZ,Mondelez International,Consumer Staples,2,-0.596194266920515,0.2839207449602891,-0.3980024495146815,-0.0273492180400631
MDT,Medtronic,Health Care,0,0.4013039905291296,-0.786435337810358,-0.3128187490587494,0.0137215389637246
MET,MetLife,Financials,0,0.9554696891122652,-1.0005065543644875,-0.4158598106735985,-0.1753651848904559
META,Meta Platforms,Communication Services,1,1.6574129073175703,-0.6037874190990367,5.10147021949988,4.007483096698556
MGM,MGM Resorts,Consumer Discretionary,3,1.749773857081427,-0.8807052313387821,-0.3170134118197936,-0.3151774751905652
MHK,Mohawk Industries,Consumer Discretionary,0,-1.1595960604800364,-0.0067447600856848,0.2556300302973404,-0.3198949642487351
MKC,McCormick & Company,Consumer Staples,2,-0.623902551849672,0.755270212602409,-0.6203391032168902,-0.2783418805166652
MLM,Martin Marietta Materials,Materials,2,0.9092892142303374,2.1398592738011355,0.4824512880845399,-0.2466315604351089
MMC,Marsh McLennan,Financials,3,1.3710939630496173,-1.1183439212750177,0.1115380413204871,0.0137291977111817
MMM,3M,Industrials,2,-0.0743549007547288,2.2459129040206123,0.0131578449330888,-0.1157504026797939
MNST,Monster Beverage,Consumer Staples,2,-0.7347356915662989,1.2344755047052307,-0.6709191016271632,-0.1907843753380114
MO,Altria,Consumer Staples,0,0.4059220380173223,0.0619937039454575,-0.2250991746942751,-0.0746695129688893
MOS,Mosaic Company (The),Materials,2,0.8769628818129876,1.5879876054368205,-1.133112284236893,-0.3252340258018846
MPC,Marathon Petroleum,Energy,2,-0.6700830267315999,2.220381474523331,0.5132946392423959,-0.1752905713198681
MRK,Merck & Co.,Health Care,0,1.015504306458772,-0.7726876450041296,-0.4302532731692315,0.6118230259586331
MRO,Marathon Oil,Energy,2,0.4151581329937077,3.00203600836318,-0.3385343473836622,-0.3023219188606934
MS,Morgan Stanley,Financials,3,1.768246047034198,-0.91212852918159,-0.1763030796244198,0.1687509577402475
MSCI,MSCI,Financials,0,0.4798107978284072,-0.8276784162290435,-0.0869777223074029,-0.2083977969320418
MSFT,Microsoft,Information Technology,1,-0.2914031326997902,-0.849281933495974,0.7696860290043296,10.04005665452921
MSI,Motorola Solutions,Information Technology,0,-0.416090414880996,-0.6921654442819342,0.7273938244587017,-0.1139406222325643
MTB,M&T Bank,Financials,3,3.1767505309330017,-0.6194990680204406,-0.2144882160220509,-0.2582322928431174
MTD,Mettler Toledo,Health Care,0,-0.9286936860703964,-0.9396239147940468,-0.5748138873287926,-0.2565117723340354
MU,Micron Technology,Information Technology,0,-0.5592498870149726,0.2839207449602891,1.0708992551486622,-0.0353994301352858
NCLH,Norwegian Cruise Line Holdings,Consumer Discretionary,0,-0.2867850852115975,0.6256491090008259,0.3562394028834537,-0.3235787296601075
NDAQ,"Nasdaq, Inc.",Financials,0,0.3366513256944302,-1.1301276579660704,-0.250223276519912,-0.2161442778415969
NDSN,Nordson Corporation,Industrials,2,-0.7393537390544921,0.4704965759019613,-0.4088000352961437,-0.3046130588232531
NEE,NextEra Energy,Utilities,2,-0.5084513646448521,0.7061713097230214,-0.6174812335682831,0.2095899257788972
NEM,Newmont,Materials,2,-0.6839371691961784,0.24856953488713,-0.410580114115649,-0.1557078515179971
NFLX,Netflix,Communication Services,0,1.0663028288288925,-1.1183439212750177,1.900994275711824,0.6231907126826339
NI,NiSource,Utilities,2,-0.8455688312829263,1.216799899668651,-0.1832185708652736,-0.3019523184990862
NKE,"Nike, Inc.",Consumer Discretionary,0,-0.0235563783846078,-0.5507606039892982,-1.077221493026917,0.036954625721562
NOC,Northrop Grumman,Industrials,2,-0.6146664568732862,0.3939022874101169,-0.6034100647328581,-0.1065751705886826
NOW,ServiceNow,Information Technology,0,-0.0605007582901502,-0.3524010363565727,1.6167829292325828,0.2387496460887427
NRG,NRG Energy,Utilities,0,-0.4668889372511166,2.163426747183242,2.4065250287438054,-0.29757316645326
NSC,Norfolk Southern Railway,Industrials,2,-0.5915762194323223,0.4390732780591533,-0.4864315774953894,-0.1720229048682815
NTAP,NetApp,Information Technology,0,-0.55463183952678,-0.7059131370881626,1.2044960882019635,-0.2731739038014718
NTRS,Northern Trust,Financials,3,1.6019963374592572,-0.7687597327737785,-0.5188153109570874,-0.2927679932902896
NUE,Nucor,Materials,2,0.969323831576844,0.6904596608016175,-0.2644568252434761,-0.2424843750057793
NVDA,Nvidia,Information Technology,1,-0.1667158505185848,-0.6843096198212322,12.492085469606105,8.757967802268142
NVR,"NVR, Inc.",Consumer Discretionary,0,-0.6747010742197926,0.2799928327299379,1.2272394020991284,-0.2577035366032962
NWSA,News Corp (Class A),Communication Services,0,0.0087699540327414,-1.132091614081246,0.4266977160791294,-0.3031160829403367
NXPI,NXP Semiconductors,Information Technology,0,-0.4114723673928033,0.5490548205089814,0.6138149423815603,-0.1611590768751862
O,Realty Income,Real Estate,0,-0.4437986998101526,-0.2699148795192017,-0.5941792889855382,-0.1761217428093678
OKE,ONEOK,Energy,2,-1.5659842394410028,0.9909449464234688,0.242612076613432,-0.1738648204723673
OMC,Omnicom Group,Communication Services,0,0.0734226188674409,-1.1183439212750177,-0.1617548874068372,-0.2875476620617658
ON,ON Semiconductor,Information Technology,2,-0.8086244513773838,1.1794847334803165,-0.0781991402325515,-0.2532041409064567
ORCL,Oracle Corporation,Information Technology,0,-0.5084513646448521,-1.037821720552822,0.6746635502394384,1.1393914493185515
ORLY,O'Reilly Auto Parts,Consumer Discretionary,0,-1.358172102472327,-1.10852414069914,0.0641753590731403,-0.1407744125221356
OXY,Occidental Petroleum,Energy,2,0.1242211412375614,3.7699428493968,-0.6655648132449432,-0.1982534306223229
PANW,Palo Alto Networks,Information Technology,0,-0.5084513646448521,-0.998542598249312,2.3309712146109054,0.0105625819842059
PARA,Paramount Global,Communication Services,0,0.3089430407652735,-1.1144160090446664,-1.2340821422775377,-0.3276389350103908
PAYX,Paychex,Industrials,0,-0.157479755542199,-0.5055896133402616,-0.3110029994894259,-0.1952454246601256
PCAR,Paccar,Industrials,2,0.7384214571672042,0.5058477859751203,0.2803366358761154,-0.1864585252794278
PCG,PG&E Corporation,Utilities,0,-0.5915762194323223,0.7454504320265313,-0.0915969700661791,-0.1833685496644631
PEG,Public Service Enterprise Group,Utilities,2,-0.5731040294795512,1.3149977054274262,-0.0116570344467427,-0.2158207812973714
PEP,PepsiCo,Consumer Staples,2,-0.7116454541253351,0.2917765694209909,-0.6117834121932064,0.429020462305367
PFE,Pfizer,Health Care,0,1.3526217730968464,-0.7196608298943911,-1.318332665879063,0.1915811838543506
PFG,Principal Financial Group,Financials,0,0.3966859430409365,-0.9769390809823814,-0.5969580823315956,-0.2891283380532753
PG,Procter & Gamble,Consumer Staples,2,0.0180060490091272,0.7493783442568822,-0.3130211532423948,0.9762252824961558
PGR,Progressive Corporation,Financials,3,1.5558158625773295,-0.8512458896111494,1.1193189773409242,0.1320161835021602
PH,Parker Hannifin,Industrials,0,-0.2128963254005127,0.7218829586444255,1.331208920438711,-0.1014691020821013
PHM,PulteGroup,Consumer Discretionary,0,-0.8224785938419623,0.6688561435346867,2.7390972365938824,-0.2578444930867796
PKG,Packaging Corporation of America,Materials,2,-1.4228247673070262,1.6056632104734,0.5608392909293238,-0.2895737692262602
PLD,Prologis,Real Estate,0,-0.7716800714718414,-0.5978955507535101,-0.3085652464915835,0.0330781678032909
PM,Philip Morris International,Consumer Staples,3,2.2115786059007068,-0.4643465349215762,-0.1614224415814382,0.264061569566162
PNC,PNC Financial Services,Financials,3,1.906787471679982,-0.7550120399675501,-0.2623143604082041,-0.1197202657345786
PNR,Pentair,Industrials,0,-0.2914031326997902,0.036462274448176,1.162414257493564,-0.3015598603293466
PNW,Pinnacle West,Utilities,2,-0.3976182249282248,1.754923875226738,-0.2402375378850754,-0.3181598565892128
PPG,PPG Industries,Materials,2,-0.0743549007547288,1.0204042881511013,-0.5066325498806085,-0.2559567039541101
PPL,PPL Corporation,Utilities,2,-0.6331386468260575,2.218417518408155,-0.3822183739611725,-0.2740315124449946
PRU,Prudential Financial,Financials,3,1.1771359685455198,-1.010326334940365,-0.1599028076012726,-0.2153723366309712
PSA,Public Storage,Real Estate,2,-0.4622708897629238,-0.2051043277184102,-0.0964804200701385,-0.1473874646048313
PSX,Phillips 66,Energy,2,-0.3930001774400321,2.94115336879274,0.1436759875131265,-0.1789603614910351
PTC,PTC,Information Technology,0,-0.6146664568732862,-0.1697531176452513,0.3355412549885808,-0.2836784220523954
PWR,Quanta Services,Industrials,2,1.0801569712934709,1.250187153626635,1.1526787101161196,-0.2218367669030463
PYPL,PayPal,Financials,0,-0.4391806523219599,-0.5802199457169306,-0.5983353074674375,-0.1157651674815928
QCOM,Qualcomm,Information Technology,0,-0.531541602085816,-0.0872669608078803,0.5815834528121442,0.2522830476263324
QRVO,Qorvo,Information Technology,2,0.4613386078756359,1.283574407584618,-0.0139315023143008,-0.3208752937927709
RCL,Royal Caribbean Group,Consumer Discretionary,0,-0.8409507837947335,0.464604707556435,3.680820268190215,-0.2111128492243231
REG,Regency Centers,Real Estate,0,-0.8917493061648545,-0.4054278514663111,-0.2682876391107113,-0.3076294703265815
REGN,Regeneron,Health Care,0,0.0180060490091272,-1.06924501839563,0.5976951935860761,0.0568762122000124
RF,Regions Financial Corporation,Financials,0,0.7661297420963604,-0.778579513349656,-0.3857429792692309,-0.285252505204599
RJF,Raymond James,Financials,3,3.1120978660983023,-0.6744898392453545,-0.3217355983523546,-0.271645174383136
RL,Ralph Lauren Corporation,Consumer Discretionary,0,-0.4992152696684663,-0.8964168802601861,0.4649352645873302,-0.3153862912031717
RMD,ResMed,Health Care,3,1.72206557215227,-0.4407790615394701,-0.2419981665010705,-0.2326432069276525
ROK,Rockwell Automation,Industrials,0,-0.4853611272038878,-0.0813750924623538,-0.475004028916749,-0.2555451581328471
ROL,"Rollins, Inc.",Industrials,0,0.1011309037965975,-0.7903632500407091,0.1154584997287037,-0.2715149427779647
ROP,Roper Technologies,Information Technology,2,-0.2821670377234048,-0.2188520205246388,-0.0565732970783742,-0.1598113215537654
ROST,Ross Stores,Consumer Discretionary,0,-0.4715069847393097,-0.7844713816951825,-0.0136154727108148,-0.1882331965544655
RSG,Republic Services,Industrials,2,-1.3858803874014838,1.0616473665697863,0.5509943342254617,-0.1442800133599299
RVTY,Revvity,Health Care,0,-0.3930001774400321,-0.9887228176734344,-0.781261900178837,-0.302832715864102
SBAC,SBA Communications,Real Estate,0,-0.6793191217079854,-0.5252291744920167,-0.8944678996463844,-0.2668670766031434
SBUX,Starbucks,Consumer Discretionary,0,-1.1226516805744944,0.0011110643750171,-0.6574238559787109,-0.0003856369838768
SCHW,Charles Schwab Corporation,Financials,3,2.4193907428693824,-0.6666340147846526,-0.9122654274303575,0.0228255525991002
SHW,Sherwin-Williams,Materials,2,-0.3930001774400321,1.6744016745045425,0.4178225152340265,-0.0442877881807511
SJM,J.M. Smucker Company (The),Consumer Staples,2,-0.5223055071094302,1.3955199061496215,-1.0422886932014004,-0.3101685655279065
SLB,Schlumberger,Energy,2,-0.365291892510875,0.4508570147502064,-0.806209516180476,-0.162186809723393
SNA,Snap-on,Industrials,2,0.4243942279700935,0.6315409773463524,-0.1260498412703923,-0.3038566555268199
SNPS,Synopsys,Information Technology,0,-1.173450202944615,-0.4800581838429802,0.5639077253247763,-0.1036209995678035
SO,Southern Company,Utilities,2,0.2766167083479238,1.747068050766036,-0.1888002954801608,-0.0353881657232183
SPG,Simon Property Group,Real Estate,0,-0.2544587527942478,-0.3838243341993807,0.2058181934410568,-0.1528846161280435
SPGI,S&P Global,Financials,0,0.0549504289146696,-1.1360195263115969,0.3968395737671015,0.1788341330264685
SRE,Sempra,Utilities,2,-0.8409507837947335,0.9968368147689952,-0.4240108538306367,-0.180726716050621
STLD,Steel Dynamics,Materials,2,0.6275883174505769,0.9379181313137304,-0.0927068422287216,-0.2947352649567068
STT,State Street Corporation,Financials,3,1.3018232507267251,-0.8198225917683415,-0.3499505872414744,-0.2683226728788793
STX,Seagate Technology,Information Technology,0,-0.6654649792434072,-0.8237505039986925,1.0854510048723431,-0.282467234567934
STZ,Constellation Brands,Consumer Staples,2,-0.7024093591489496,0.7199190025292497,-0.4447725321382541,-0.2034419951560674
SWK,Stanley Black & Decker,Industrials,0,0.5075190827575637,-0.1540414687238473,0.0631679647983807,-0.3005450861607934
SWKS,Skyworks Solutions,Information Technology,2,0.2350542809541887,1.1853766018258431,-0.1723294864961722,-0.3015903143779767
SYF,Synchrony Financial,Financials,0,0.2535264709069599,-1.1104880968143154,0.4331401597262259,-0.2890324523774221
SYK,Stryker Corporation,Health Care,3,1.9991484214438375,-0.3524010363565727,0.2789716409691917,0.1038961578986632
SYY,Sysco,Consumer Staples,0,-1.0302907308106384,-0.0715553118864763,-0.5008199250438699,-0.2286674616389961
T,AT&T,Communication Services,0,0.0087699540327414,-0.4957698327643842,-0.437134978084702,0.1502338434243524
TAP,Molson Coors Beverage Company,Consumer Staples,2,-0.5500137920385872,0.28784865719064,-0.3843183409447153,-0.3145231622081743
TDG,TransDigm Group,Industrials,2,1.0616847813406998,1.2226917680141776,1.575088890651079,-0.1035381482379234
TEL,TE Connectivity,Information Technology,0,-0.993346350905096,0.005038976605368,0.0562909183276046,-0.2071978870190079
TER,Teradyne,Information Technology,0,-0.7716800714718414,0.260353271578183,0.5032600830401073,-0.2834925921516802
TFX,Teleflex,Health Care,0,0.9092892142303374,-0.1874287226818307,-0.580395754001692,-0.3149436892925635
TGT,Target Corporation,Consumer Staples,0,-0.850186878771119,-0.7569759960827256,-0.5249832770058072,-0.125285043208276
TJX,TJX Companies,Consumer Discretionary,0,-0.8594229737475048,-0.7648318205434276,0.3132611801831781,0.081920105835151
TMO,Thermo Fisher Scientific,Health Care,0,-0.1066812331720785,-0.8532098457263251,-0.3483318253404055,0.4022244262193259
TMUS,T-Mobile US,Communication Services,0,0.1704016161194896,-0.3131219140530626,0.2155163966893327,0.4201532118731686
TPR,"Tapestry, Inc.",Consumer Discretionary,0,-0.7024093591489496,-0.919984353642292,-0.4491949389137798,-0.3194803424270974
TRGP,Targa Resources,Energy,2,-1.1365058230390723,1.6586900255831385,1.3704636485505115,-0.2444932631478551
TRMB,Trimble Inc.,Information Technology,0,-0.6793191217079854,-0.3975720270056092,-0.3332733459123284,-0.3057433195342185
TROW,T. Rowe Price,Financials,0,-0.5223055071094302,-0.6666340147846526,-0.5977397082806771,-0.2743131161670038
TRV,Travelers Companies (The),Financials,3,1.532725625136365,-0.9376599586788716,-0.1582853546181689,-0.1740888980526087
TSCO,Tractor Supply,Consumer Discretionary,0,-1.0302907308106384,-0.4623825788064006,-0.193883317522597,-0.2555829715534968
TSLA,"Tesla, Inc.",Consumer Discretionary,0,0.5306093201985277,-0.4859500521885067,1.1952803811408172,1.9872583766255725
TSN,Tyson Foods,Consumer Staples,2,1.2972052032385324,1.6174469471644528,-0.5272803004321445,-0.2807857578796516
TT,Trane Technologies,Industrials,0,-0.7347356915662989,-0.2738427917495528,1.422294966300513,-0.0799002532510877
TXN,Texas Instruments,Information Technology,2,0.1057489512847902,0.3880104190645904,0.0094994320347599,0.2392603345274322
TXT,Textron,Industrials,2,-0.042028568337379,1.008620551460048,-0.0175808775943626,-0.2981051829244944
UAL,United Airlines Holdings,Industrials,2,-0.7670620239836486,0.9811251658475912,-0.2209880522628441,-0.2958800568908331
UDR,"UDR, Inc.",Real Estate,0,-0.1898060879595487,-0.4054278514663111,-0.2745486052381653,-0.2947944557575011
UHS,Universal Health Services,Health Care,0,0.8769628818129876,-0.4093557636966621,0.6409544152018717,-0.3011261113781058
ULTA,Ulta Beauty,Consumer Discretionary,0,-1.1180336330863012,-0.3347254313199932,-0.9946263729866618,-0.2913992093117613
UNH,UnitedHealth Group,Health Care,0,-0.5130694121330448,-1.1301276579660704,-0.3019661790362378,1.363140150837428
UNP,Union Pacific Corporation,Industrials,2,-0.5084513646448521,0.2976684377665174,-0.1319017086915208,0.1447539701406783
UPS,United Parcel Service,Industrials,0,-0.5592498870149726,-0.3170498262834137,-1.0207992759859807,0.0032628745023447
URI,United Rentals,Industrials,0,-0.5915762194323223,-0.0911948730382312,1.3683010341220398,-0.1876168384558431
USB,U.S. Bank,Financials,3,2.913521824106012,-0.7923272061558846,-0.4440286759921673,-0.127438309267407
V,Visa Inc.,Financials,0,-0.0235563783846078,-0.7805434694648316,0.0438488220078852,1.471223237374536
VLO,Valero Energy,Energy,2,-0.7901522614246126,2.821352045767034,-0.1520686705148546,-0.211713534525314
VMC,Vulcan Materials Company,Materials,2,1.084775018781664,1.4996095802539229,0.150164779021271,-0.2474939459262725
VRSK,Verisk,Industrials,0,-0.7947703089128053,-1.1261997457357191,0.4094870672677221,-0.2282228200276046
VRSN,Verisign,Information Technology,0,-0.4207084623691887,-0.2051043277184102,-0.7056777598416525,-0.294153805480518
VRTX,Vertex Pharmaceuticals,Health Care,0,-0.0605007582901502,-0.9887228176734344,0.7565907568865957,0.0543504836184977
VTR,Ventas,Real Estate,0,-0.5269235545976233,-0.4643465349215762,0.1084447367821771,-0.2656121803048006
VZ,Verizon,Communication Services,0,-0.6054303618969009,-0.4014999392359601,-0.4736005807152817,0.2446490924032139
WAB,Wabtec,Industrials,0,-0.3329655600935253,-0.0833390485775292,0.6962160324634435,-0.2534886791657219
WAT,Waters Corporation,Health Care,0,-0.7439717865426848,-0.8708854507629046,-0.5432076669771697,-0.2887527238641975
WBA,Walgreens Boots Alliance,Consumer Staples,0,-0.7024093591489496,-0.7844713816951825,-1.881944481566809,-0.3263642437449305
WDC,Western Digital,Information Technology,0,-0.300639227676176,-0.845354021265623,1.3863202661168297,-0.278787568297168
WEC,WEC Energy Group,Utilities,2,-0.7254995965899136,1.48782584356287,-0.5684375917812058,-0.2538637406616842
WELL,Welltower,Real Estate,0,-0.55463183952678,-0.3033021334771852,0.8787941645450618,-0.0986827392185652
WFC,Wells Fargo,Financials,3,5.878308311525789,-0.7334085227006196,0.162053144449024,0.2445972445252394
WM,Waste Management,Industrials,2,-1.56136619195281,0.4528209708653819,0.0753064017347046,-0.0829010347247043
WMB,Williams Companies,Energy,2,-1.727615901527751,0.5765502061214385,0.2055844905493307,-0.1731919560823686
WMT,Walmart,Consumer Staples,0,0.1611655211431038,0.0148587571812456,0.5428127817220876,1.678334296994735
WRB,W. R. Berkley Corporation,Financials,3,2.405536600404804,-0.7491201716220236,-0.1316920326416782,-0.2796637776958982
WTW,Willis Towers Watson,Financials,3,1.874461139262632,-1.1222718335053683,-0.2070272527733933,-0.2559136596879033
WY,Weyerhaeuser,Real Estate,2,-1.5013315746063036,0.64136075792223,-0.5684176149986941,-0.2737976377213136
WYNN,Wynn Resorts,Consumer Discretionary,3,1.791336284475162,-0.4741663154974536,-0.7282972051690995,-0.3229648882890644
XEL,Xcel Energy,Utilities,2,-1.0210546358342525,1.3582047399612869,-0.7712686290547439,-0.2358584464894293
XOM,ExxonMobil,Energy,2,0.8215463119546744,3.4026830558589816,-0.3564454476615108,1.2782714384483909
XYL,Xylem Inc.,Industrials,0,-0.6977913116607565,-0.2974102651316588,-0.1176864689198139,-0.2475960296606349
YUM,Yum! Brands,Consumer Discretionary,0,-1.191922392897386,-0.2463474061370957,-0.4357184964594654,-0.2299426957280519
ZBH,Zimmer Biomet,Health Care,0,0.5490815101512989,-0.4289953248484172,-0.7121146185136278,-0.2819812330884019
ZTS,Zoetis,Health Care,0,0.9323794516713017,-0.4996977449947351,-0.1038055146046864,-0.0666296178118219
