Symbol,Full Name,GICS Sector,governanceScore,Stock_return,marketCap,environmentScore
A,Agilent Technologies,Health Care,-0.2775489902352121,-0.631428742729171,-0.22377983850662223,-0.916056441411941
AAL,American Airlines Group,Industrials,-0.8963673536530472,-0.8427746249269431,-0.3279252744570412,0.8161528521728492
AAPL,Apple Inc.,Information Technology,1.232552538403833,0.9293166082064135,10.237991113484869,-1.045677545013524
ABBV,AbbVie,Health Care,1.6897392397349202,-0.17585620953355272,0.746294418974888,-0.6685979708998281
ABT,Abbott Laboratories,Health Care,0.7522755996317823,-0.4872848888608331,0.3088354493997232,-0.6902014881667586
ACGL,Arch Capital Group,Financials,1.934495756609139,0.8931137779648883,-0.21380835986716468,-0.8473179773807986
ACN,Accenture,Information Technology,-1.057999015739795,-0.07580967811793247,0.32676923561032484,-0.974975124867206
ADBE,Adobe Inc.,Information Technology,-0.7162635016135277,0.7052877064459497,0.3913983787484807,-0.7550120399675501
ADI,Analog Devices,Information Technology,0.12883918872575453,0.24462832877013488,0.00796389791144982,0.6845677924560908
ADM,Archer Daniels Midland,Consumer Staples,-0.7809161664482271,-1.1151190951513996,-0.25861669090492323,2.132003449340434
ADP,Automatic Data Processing,Industrials,-0.5592498870149726,-0.2611579159766453,0.014573475923133936,-0.5861118140624572
ADSK,Autodesk,Information Technology,-0.8363327363065408,0.15581078123823996,-0.1661230769323734,-0.41328367592701315
AEE,Ameren,Utilities,-0.6700830267315999,-0.6671844038099812,-0.2782260584105756,1.3876640816889194
AEP,American Electric Power,Utilities,-0.6100484093850935,-0.44579539804309526,-0.17207343681026685,1.350348915500585
AES,AES Corporation,Utilities,-0.6654649792434072,-1.2411272286535997,-0.30754755989093363,1.468186282411115
AFL,Aflac,Financials,1.0155043064587719,0.41547564338267096,-0.15327244878278118,-1.077100842856332
AIG,American International Group,Financials,2.84425111178312,-0.14845507631561228,-0.1992250388005903,-0.8119667673076395
AIZ,Assurant,Financials,2.2900854131999844,0.41619669939616893,-0.31892114529800597,-0.8158946795379906
AJG,Arthur J. Gallagher & Co.,Financials,1.5927602424828717,0.4520799025392507,-0.14063534440679681,-1.1183439212750175
AKAM,Akamai Technologies,Information Technology,0.10574895128479023,-0.19435863370818712,-0.3031564262479257,-0.5468326917589471
ALB,Albemarle Corporation,Materials,-0.17133389800677756,-1.5763029093818766,-0.3175756731255264,1.8865089349434965
ALL,Allstate,Financials,1.9298777091209465,0.13258878044916245,-0.18984129665199,-0.9337320464485205
ALLE,Allegion,Industrials,-0.7670620239836486,-0.03339266534180972,-0.3113598659297312,1.0046926392296973
AMAT,Applied Materials,Information Technology,-0.6562288842670214,1.299430432797583,0.14800585851975454,-0.25420323059779776
AME,Ametek,Industrials,0.013388001520934565,-0.16109112715242704,-0.22609880722551357,0.5628025133152099
AMGN,Amgen,Health Care,0.4844288453165999,-0.056973311666785556,0.22301915782358164,-0.9926507299037853
AMP,Ameriprise Financial,Financials,1.6805031447585348,0.24660456115919188,-0.2088340428718222,-0.727516654355093
AMT,American Tower,Real Estate,-0.7116454541253351,-0.4693973578696386,0.00913473879848231,-0.5664722529107021
AMZN,Amazon,Consumer Discretionary,1.1632818260809417,1.3716556831142277,5.950022325210599,0.0423541427937026
ANET,Arista Networks,Information Technology,0.31817913574165896,2.868982383613728,0.012811358677433254,-1.0574612817045768
ANSS,Ansys,Information Technology,-0.7532078815190701,0.06920718289964778,-0.2624239963869618,-0.44667092988499674
AOS,A. O. Smith,Industrials,-0.12977147061304245,0.2007350997740136,-0.3132102693209474,0.2682090960388851
APA,APA Corporation,Energy,0.5814078425686486,-1.1633960815068893,-0.32148465111193075,3.1807560148441505
APD,Air Products,Materials,-1.5475120494882317,-0.707768140640544,-0.14355643279690739,0.3212359111486235
APH,Amphenol,Information Technology,0.41515813299370774,0.8133519501858676,-0.10391050548542799,0.3015963499968686
APTV,Aptiv,Consumer Discretionary,-0.6654649792434072,-0.9565600662557819,-0.2984853568317749,-0.8512458896111494
ARE,Alexandria Real Estate Equities,Real Estate,-0.17595194549497026,-0.8496712007069477,-0.2814062085392004,-0.3681126852779767
ATO,Atmos Energy,Utilities,-0.15747975554219906,-0.23490594310857127,-0.28259341966993856,1.7765273924936684
AVB,AvalonBay Communities,Real Estate,-0.9009854011412398,0.15951311318302155,-0.24509733698401828,-0.5546885162196492
AVGO,Broadcom,Information Technology,-0.028174425872800973,2.9028841857410557,2.0864245756249695,0.30552426222721946
AVY,Avery Dennison,Materials,-1.381262339913291,-0.17238932529960108,-0.29431189545058084,1.106818357218823
AWK,American Water Works,Utilities,-0.7855342139364199,-0.6737126892130758,-0.2576480567419915,0.6393968018070542
AXP,American Express,Financials,1.3849481055141954,0.7998166228761031,0.25467410331871226,-1.1261997457357193
AZO,AutoZone,Consumer Discretionary,-1.3258457700549773,0.001331421684416646,-0.1812994640305613,-1.1144160090446664
BA,Boeing,Industrials,0.7338034096790107,-0.7439856938444607,-0.041877125042132195,0.6001176795035443
BAC,Bank of America,Financials,2.206960558412514,-0.1632400334950089,0.6344685999347316,-0.7962551183862354
BALL,Ball Corporation,Materials,-1.3674081974487124,-0.14232990421650535,-0.28593401529404683,0.3565871212217824
BAX,Baxter International,Health Care,0.20272794853683898,-1.0031375174415071,-0.28550308573566285,-0.5802199457169306
BBWI,"Bath & Body Works, Inc.",Consumer Discretionary,-0.3791460349754536,-1.0584593589115483,-0.33096477076746017,1.2541150658569855
BBY,Best Buy,Consumer Discretionary,-1.0626170632279877,-0.10541418482930547,-0.2828651999297884,-0.6646700586694771
BDX,Becton Dickinson,Health Care,0.1981099010486463,-0.6426173539634875,-0.13415878120490124,-0.5389768672982451
BEN,Franklin Templeton,Financials,0.27661670834792385,-0.997853232206336,-0.3172987508457988,-0.916056441411941
BG,Bunge Global,Consumer Staples,-0.6608469317552145,-0.4391010584462387,-0.307034456709704,1.6901133234259464
BIIB,Biogen,Health Care,0.30894304076527357,-0.9894281536966865,-0.25809430379528975,-1.053533369474226
BIO,Bio-Rad Laboratories,Health Care,0.13807528370213995,-0.9050889032559587,-0.3217284874710499,-0.8983808363753615
BK,BNY Mellon,Financials,1.4957812452308226,0.29405766913355996,-0.18361110298599279,-0.9140924852967656
BKNG,Booking Holdings,Consumer Discretionary,0.6599146498679266,1.0939503819557796,0.08389795762692151,-0.9435518270243979
BLK,BlackRock,Financials,1.518871482671787,-0.07358362342866838,0.07896546107731585,-0.9592634759458019
BMY,Bristol Myers Squibb,Health Care,0.17040161611948967,-1.0956788848994552,-0.02913891730409747,-0.8787412752236065
BR,Broadridge Financial Solutions,Industrials,-0.8132424988655765,0.486767916574759,-0.27213656462054386,-0.31312191405306267
BRO,Brown & Brown,Financials,1.7913362844751621,0.9733912221184466,-0.25691244194434765,-1.1104880968143154
BSX,Boston Scientific,Health Care,1.0108862589705792,0.8345848300486444,0.043606076816422576,-0.6725258831301791
BWA,BorgWarner,Consumer Discretionary,-0.4576528422747312,-0.6162295033538103,-0.3274169662175722,-0.6116432435597386
BX,Blackstone Inc.,Financials,2.1192176561368505,0.9985825471703524,0.25500671929934293,-0.6411025852873711
BXP,"BXP, Inc.",Real Estate,-0.5777220769677438,-0.317754177618431,-0.30512835632774477,-0.6371746730570201
C,Citigroup,Financials,3.227549053303122,0.10723085131531068,0.011911600604176354,-0.7825074255800071
CAG,Conagra Brands,Consumer Staples,-0.9240756385822038,-0.896241476737761,-0.30131859333524635,0.9673774730413629
CAH,Cardinal Health,Health Care,-0.15747975554219906,0.2862632306274779,-0.2627470849910306,-0.9062366608360635
CAT,Caterpillar Inc.,Industrials,0.6275883174505769,0.3247464410666859,0.199503486971423,0.9123867018164487
CB,Chubb Limited,Financials,1.80519042693974,-0.03679434518982776,0.025862785499617815,-0.849281933495974
CBOE,Cboe Global Markets,Financials,1.8190445694043191,0.5649514648817723,-0.27967106798127833,-0.5998595068686856
CBRE,CBRE Group,Real Estate,-0.9517839235113608,0.2841777207751558,-0.23384634088386003,-0.849281933495974
CCI,Crown Castle,Real Estate,-1.085707300668952,-0.8848395461510128,-0.18360510231788205,-0.3347254313199932
CCL,Carnival,Consumer Discretionary,-0.8040064038891911,1.3544723873842153,-0.2764435046789626,0.7100992219533724
CDNS,Cadence Design Systems,Information Technology,-0.8732771162120833,0.669250894424518,-0.10975613001794085,-0.6784177514757056
CDW,CDW,Information Technology,-1.4690052421889541,-0.09053130036752643,-0.2556554269890623,-0.6489584097480731
CE,Celanese,Materials,-0.5223055071094302,-0.05493493911713199,-0.30734559990483085,1.7509959629963867
CF,CF Industries,Materials,-0.5915762194323223,-0.522398854529254,-0.30427060951094315,2.0436254241575367
CFG,Citizens Financial Group,Financials,2.18387032097155,-0.3889022774090318,-0.2930169289013669,-0.7510841277371991
CHD,Church & Dwight,Consumer Staples,-0.01893833089641516,-0.11690049928096317,-0.2687337910209458,0.21714623704432195
CHRW,C.H. Robinson,Industrials,-0.646992789290636,-0.2867432120112266,-0.31369502724096965,-0.20706828383358572
CHTR,Charter Communications,Communication Services,0.5767897950804559,-0.5161136497250234,-0.1940261704880504,0.05217392336958006
CI,Cigna,Health Care,-0.4853611272038878,-0.3242203674278833,-0.022017756017251224,-1.132091614081246
CINF,Cincinnati Financial,Financials,2.8534872067595063,0.01694780202550698,-0.2826333056897713,-0.7903632500407091
CL,Colgate-Palmolive,Consumer Staples,-0.0743549007547288,0.06743784441141217,-0.07472923014407933,0.4979919615144185
CLX,Clorox,Consumer Staples,-0.6423747418024432,-0.34665956624278327,-0.28545481720357896,0.3801545946038884
CMCSA,Comcast,Communication Services,0.7060951247498545,-0.3473121719002177,0.1372028662474401,-0.35829290470209924
CME,CME Group,Financials,1.1494276836163628,-0.05505226745009123,-0.09867592267014115,-0.7176968737792156
CMG,Chipotle Mexican Grill,Consumer Discretionary,-1.1226516805744944,1.3096363445443704,-0.09410507164908795,0.19750667589256704
CMI,Cummins,Industrials,-0.35143775004629657,-0.01779118097921359,-0.21870219421740758,-0.032276189582966346
CMS,CMS Energy,Utilities,-0.6747010742197926,-0.43197354725745635,-0.2838495134700315,0.7513423003720577
CNC,Centene Corporation,Health Care,-0.08820904321930731,-0.567391334541661,-0.22208911078833574,-1.1183439212750175
CNP,CenterPoint Energy,Utilities,-0.7208815491017209,-0.6829556385763046,-0.2921953111071488,1.401411774495148
COF,Capital One,Financials,1.5650519575537147,0.48411273858990633,-0.1735074912138595,-1.1104880968143154
COO,Cooper Companies (The),Health Care,-0.3422016550699112,-0.06516937684029409,-0.28032325243720674,-0.6057513752142121
COP,ConocoPhillips,Energy,0.729185362190818,-0.5365915388077963,0.05251512137563808,2.3146513680517553
COR,Cencora,Health Care,-0.4853611272038878,0.2670156913467232,-0.19957851236664984,-0.8276784162290435
COST,Costco,Consumer Staples,-0.531541602085816,1.174049749018143,0.941602164421221,0.14447986078282848
CPB,Campbell Soup Company,Consumer Staples,-1.0302907308106384,-0.7519783529725056,-0.30203683448799273,0.9988007708841705
CPRT,Copart,Industrials,-0.5130694121330448,0.738178920101414,-0.1946855596935197,-0.845354021265623
CPT,Camden Property Trust,Real Estate,0.6783868398206974,-0.3140254119393199,-0.30869232550634007,-0.35043708024139725
CRM,Salesforce,Information Technology,-0.6054303618969009,1.01001017805213,0.43229203708684166,-0.7412643471613216
CSCO,Cisco,Information Technology,-0.08820904321930731,-0.45075403328870933,0.2973867536562272,-1.0476415011286995
CSGP,CoStar Group,Real Estate,0.4659566553638287,-0.555123511058556,-0.24892620407723995,-0.18153685433630423
CSX,CSX Corporation,Industrials,-0.8594229737475048,-0.3520640435438677,-0.13928158841726526,0.24660557877195452
CTAS,Cintas,Industrials,-0.3791460349754536,0.8621655585409855,-0.0860866525673643,-0.5409408234134206
CTRA,Coterra,Energy,0.3551235156472014,-0.46137792872307987,-0.29684107178438734,2.8429555630339647
CTSH,Cognizant,Information Technology,-0.36529189251087507,0.07547128554183072,-0.2274903437372951,-0.9180203975271164
CVS,CVS Health,Health Care,-0.24522265781786243,-1.2292435658424539,-0.11558567381266566,-1.1301276579660704
CVX,Chevron Corporation,Energy,1.7174475246640772,-0.8130297510586716,0.48463281204551156,2.2046698256019277
D,Dominion Energy,Utilities,-0.4992152696684663,-0.7466004926919884,-0.19373688827954416,1.208944075207949
DAL,Delta Air Lines,Industrials,-0.416090414880996,-0.008805896264876633,-0.25469814277403746,0.8043691154817965
DD,DuPont,Materials,-0.35143775004629657,-0.1500175371941824,-0.24035174940263893,1.7431401385356848
DE,Deere & Company,Industrials,-0.09744513819569271,-0.7085461805275822,-0.0017537629944104573,-0.6116432435597386
DFS,Discover Financial,Financials,1.7590099520578124,0.2171482711150088,-0.24051608348897044,-1.1104880968143154
DG,Dollar General,Consumer Staples,-0.5407776970622015,-1.7263558722526664,-0.29072339722514684,-0.4486348860001722
DGX,Quest Diagnostics,Health Care,0.5998800325214199,-0.533427599512291,-0.2955726213453558,-1.1104880968143154
DHI,DR Horton,Consumer Discretionary,-0.4807430797156951,1.374624314637065,-0.1469928548797493,0.5745862500062631
DHR,Danaher Corporation,Health Care,-0.623902551849672,-0.26589436639218544,0.2889744486142156,-0.8708854507629046
DIS,Walt Disney Company (The),Communication Services,0.004151906544548754,-0.5189571545747146,0.18956459090705813,-1.128163701850895
DLR,Digital Realty,Real Estate,0.13807528370213995,0.29572956326846295,-0.17893581928483654,-0.5861118140624572
DLTR,Dollar Tree,Consumer Staples,-1.2381028677793144,-1.2535828145998933,-0.30072456667036074,-0.48987796441885767
DOV,Dover Corporation,Industrials,-0.5915762194323223,0.1232262849542964,-0.26831352712375434,0.43121745359845154
DPZ,Domino's,Consumer Discretionary,-0.16671585051858487,-0.15465645479855275,-0.30515031929940456,0.9555937363503098
DRI,Darden Restaurants,Consumer Discretionary,-0.9933463509050959,-0.3161990414482148,-0.2900146669997624,0.41943371690739845
DTE,DTE Energy,Utilities,-0.9102214961176253,-0.43917764000740195,-0.2674498849137211,1.8158065147971783
DUK,Duke Energy,Utilities,-0.8732771162120833,-0.3714963579988156,-0.05949227051230848,1.126457918370578
DVA,DaVita,Health Care,0.7938380270255174,1.2590703391275424,-0.3069651957087523,-1.1222718335053683
DVN,Devon Energy,Energy,0.3828318005763584,-0.9549230832855651,-0.27009390956098517,2.3342909292035103
DXCM,Dexcom,Health Care,0.6368244124269623,-1.2500397318008192,-0.261256116355905,-0.08530300469270492
EA,Electronic Arts,Communication Services,-0.9102214961176253,-0.12723554197823056,-0.2271249872692531,-1.1104880968143154
EBAY,eBay,Consumer Discretionary,0.2350542809541887,0.1673773368913343,-0.24956367636880908,-0.5978955507535101
ECL,Ecolab,Materials,-0.6608469317552145,0.731886628529724,-0.12003106349650834,0.5411989960482793
ED,Consolidated Edison,Utilities,-0.28678508521159757,-0.43950095591403854,-0.23489031238217356,0.2112543686987956
EFX,Equifax,Industrials,0.03647823896189848,0.4278514960700975,-0.2305983739940317,-1.1203078773901929
EG,Everest Group,Financials,1.4819271027662446,-0.23342106312753316,-0.2976136742528476,-0.8630296263022026
EIX,Edison International,Utilities,-0.7347356915662989,0.08171186042783438,-0.2444830778032987,1.0204042881511013
EL,Est√©e Lauder Companies (The),Consumer Staples,0.3597415631353945,-1.6824668378932042,-0.25338223968323526,0.22892997373537505
ELV,Elevance Health,Health Care,-0.6516108367788287,-0.35362580262799964,0.06085868192157374,-1.1222718335053683
EMN,Eastman Chemical Company,Materials,-0.051264663313764884,-0.10925592784371052,-0.3117215410668434,1.385700125573744
EMR,Emerson Electric,Industrials,-0.0697368532665361,-0.3755594271974181,-0.1605565361044505,0.5863699866973158
EOG,EOG Resources,Energy,0.29047085081250235,-0.4847252933465679,-0.12645325222333012,2.8233160018822097
EQIX,Equinix,Real Estate,-0.7254995965899136,-0.08624061983002312,-0.08410916923767082,-0.4604186226912252
EQR,Equity Residential,Real Estate,-0.30063922767617607,-0.06276739378718414,-0.25384879162884694,-0.5507606039892982
EQT,EQT Corporation,Energy,0.5767897950804559,-0.45274985466649054,-0.2874632052899788,2.3323269730883345
ES,Eversource,Utilities,-0.6054303618969009,-0.899215591379002,-0.2729562874669375,-0.2188520205246388
ESS,Essex Property Trust,Real Estate,-0.2636948477706336,0.21366335207021875,-0.28418464288840156,-0.4564907104608742
ETN,Eaton Corporation,Industrials,-0.45303479478653846,1.1331073953431476,0.04720750411295053,-0.06369948742577436
ETR,Entergy,Utilities,-0.6377566943142502,-0.35890643553297186,-0.26281624400694314,1.6213748593948039
EW,Edwards Lifesciences,Health Care,0.42901227545828624,-0.6502222732644457,-0.22137824216696889,-0.5743280773714041
EXC,Exelon,Utilities,-0.12053537563665663,-0.7558292590158031,-0.221536654541349,0.31338008668792144
EXPD,Expeditors International,Industrials,-0.8594229737475048,-0.235194237760837,-0.29540549747472716,-0.32097773851376465
EXPE,Expedia Group,Consumer Discretionary,1.560433910065522,0.49465675551083366,-0.29470030053747376,-0.29741026513165886
EXR,Extra Space Storage,Real Estate,0.2581445183951526,-0.14433309434513245,-0.22562905755544818,-0.3052660895923607
F,Ford Motor Company,Consumer Discretionary,0.8354004544192525,-0.6216533192891102,-0.21228341376479784,0.3231998672637989
FAST,Fastenal,Industrials,0.18425575858406779,0.2355530917438953,-0.22162329576687806,0.6865317485712662
FCX,Freeport-McMoRan,Materials,-0.13900756558942784,-0.2491162988572534,-0.15239306139863712,1.8609775054462148
FDS,FactSet,Financials,-0.646992789290636,-0.4732370680783903,-0.2960099068745676,-0.2875904845557812
FDX,FedEx,Industrials,-0.503833317156659,0.6706585049843343,-0.1174850168633203,-0.024420365122264344
FE,FirstEnergy,Utilities,-0.42070846236918874,-0.4672185108983065,-0.26945020631250716,0.9791612097324156
FFIV,"F5, Inc.",Information Technology,-0.6008123144087077,0.1679993476574936,-0.31130007966790174,-0.3229416946289403
FI,Fiserv,Financials,0.03186019147370537,0.7412504253100809,-0.02715561753733173,-0.32686960685929123
FIS,Fidelity National Information Services,Financials,-0.6885552166843711,-0.18652935868824672,-0.20243731750639146,-0.33276147520481775
FITB,Fifth Third Bank,Financials,0.3689776581117799,-4.6855037136902126e-05,-0.2591799509863813,-0.9023087486057126
FMC,FMC Corporation,Materials,0.3505054681590087,-1.4053355063706545,-0.3260827633919202,1.6822574989652443
FRT,Federal Realty,Real Estate,-0.40685431990461024,-0.3335454853844583,-0.3197452535010836,-0.6902014881667586
FTNT,Fortinet,Information Technology,-0.15286170805400634,0.48517045774707346,-0.16389048625181327,-0.6450304975177221
FTV,Fortive,Industrials,-0.9240756385822038,-0.2670705975623594,-0.2673791204559018,2.023985863005781
GD,General Dynamics,Industrials,0.10574895128479023,-0.18433291723264106,-0.07999023695402935,0.7042073536078457
GE,GE Aerospace,Industrials,1.9391138040973317,3.536210757154933,0.276705661562249,1.660653981698314
GEN,Gen Digital,Information Technology,-0.6054303618969009,-0.14936056608223616,-0.2991667813853834,-0.4780942277278047
GILD,Gilead Sciences,Health Care,0.4243942279700935,-0.6800745269900462,-0.019306691011017275,-0.9396239147940469
GIS,General Mills,Consumer Staples,-1.2057765353619647,-0.780470516318028,-0.2180332381572968,0.4979919615144185
GL,Globe Life,Financials,1.749773857081427,-0.7631355030334078,-0.32084605369509084,-0.8257144601138681
GLW,Corning Inc.,Information Technology,-0.2636948477706336,-0.038771183841073635,-0.23245415956344379,-0.04995179461954581
GM,General Motors,Consumer Discretionary,0.22581818597780332,0.29134975342759045,-0.17990401918889182,0.7945493349059188
GOOGL,Alphabet Inc. (Class A),Communication Services,2.220814700877092,0.933374462596065,5.966666283602024,-0.8296423723442189
GPC,Genuine Parts Company,Consumer Discretionary,-1.339699912519556,-0.824911600370218,-0.29001531838807704,-0.2188520205246388
GPN,Global Payments,Financials,-0.0743549007547288,-0.35543195811309314,-0.25988158173710396,-0.4191755442725397
GRMN,Garmin,Consumer Discretionary,-1.1318877755508798,1.156526306302446,-0.24489348533993102,-0.19724850325770826
GS,Goldman Sachs,Financials,2.3639741730110693,0.2946612653669059,0.1409758126408006,-0.963191388176153
GWW,W. W. Grainger,Industrials,-0.36529189251087507,0.8239328356372496,-0.19243495384926737,-0.24438345002192027
HAL,Halliburton,Energy,0.11036699877298334,-0.857078558333151,-0.2683884696783394,0.7866935104452166
HAS,Hasbro,Consumer Discretionary,-1.173450202944615,-0.36901005375771845,-0.3199523686664241,-1.128163701850895
HBAN,Huntington Bancshares,Financials,0.9139072617185301,-0.4374859825498794,-0.28317760313362494,-0.7491201716220236
HCA,HCA Healthcare,Health Care,0.2396723284423814,0.5660820625548689,-0.01699874983571543,-0.3700766413931522
HD,Home Depot (The),Consumer Discretionary,-1.358172102472327,-0.25133739825650786,0.8714983591059083,-0.4839860960733312
HES,Hess Corporation,Energy,0.12883918872575453,-0.500358621477638,-0.22200418027959265,2.581749399715623
HIG,Hartford (The),Financials,0.40592203801732235,0.4137666842499555,-0.24128500462650096,-0.7805434694648316
HLT,Hilton Worldwide,Consumer Discretionary,-1.0395268257870238,0.7973465052528862,-0.17701606606698936,0.06395766006063315
HOLX,Hologic,Health Care,0.7615116946081677,-0.41330059876594105,-0.28977878547369795,-0.23849158167639373
HON,Honeywell,Industrials,0.15654747365491115,-0.6000940826620431,0.07480197120108,1.0223682442662767
HPE,Hewlett Packard Enterprise,Information Technology,-0.5084513646448521,-0.1809235696563165,-0.275556386170882,-0.9494436953699245
HPQ,HP Inc.,Information Technology,-0.28216703772340485,0.07922978180408291,-0.24492507438335182,-1.1144160090446664
HRL,Hormel Foods,Consumer Staples,-0.32372946511713996,-1.0597502248186899,-0.2941823086540442,1.4780060629869927
HSIC,Henry Schein,Health Care,-0.19442413544774148,-0.7491194439553488,-0.3224915954613481,-0.743228303276497
HST,Host Hotels & Resorts,Real Estate,-0.5453957445503945,-0.3496986604374831,-0.27129691192359373,-0.49773378887955966
HSY,Hershey Company (The),Consumer Staples,-0.7208815491017209,-0.8122999323206779,-0.22098604060474714,0.9300623068530282
HUBB,Hubbell Incorporated,Industrials,-0.827096641330155,0.7063595098077167,-0.2805598248296655,-0.03620410181331744
HUM,Humana,Health Care,-0.44379869981015263,-1.0654881540871508,-0.22955525785411116,-1.1340555701964214
IBM,IBM,Information Technology,-0.25907680028244096,0.21328996811170076,0.2822052738857611,-0.786435337810358
ICE,Intercontinental Exchange,Financials,0.9785599265532295,0.4566617268744906,-0.051178160613811155,-0.802146986731762
IDXX,Idexx Laboratories,Health Care,1.0339764964115428,-0.21750607538874378,-0.2160338839714628,-0.621463024135616
IEX,IDEX Corporation,Industrials,-0.6285205993378647,-0.7252620595485727,-0.30170825185116895,0.8829273600888161
IFF,International Flavors & Fragrances,Materials,-0.032792473360993675,-0.574866212399568,-0.2658893032647667,0.9241704385075018
INCY,Incyte,Health Care,0.3274152307180448,-0.8573477398609362,-0.31038727408931194,-0.9278401781029939
INTC,Intel,Information Technology,-0.03741052084918637,-0.8588599065062096,-0.05654452125905668,-0.16778916153007586
INTU,Intuit,Information Technology,-0.9102214961176253,0.5387909066816154,0.23045945990652913,-0.9455157831395735
IP,International Paper,Materials,-0.8732771162120833,0.10568006050854055,-0.2958797344865157,1.8393739881792843
IPG,Interpublic Group of Companies (The),Communication Services,-0.6562288842670214,-0.6091618412587936,-0.3138074805509269,-1.128163701850895
IQV,IQVIA,Health Care,0.2396723284423814,-0.13147163066085255,-0.21094007998830078,-0.8807052313387821
IRM,Iron Mountain,Real Estate,-0.43456260483376724,1.7275647713274382,-0.24010848547567507,-0.15404146872384733
ISRG,Intuitive Surgical,Health Care,0.525991272710335,0.9712433481639419,0.20950844302244584,-0.4191755442725397
IT,Gartner,Information Technology,-0.4899791746920809,0.26610640486014664,-0.22521045831728306,-1.1144160090446664
ITW,Illinois Tool Works,Industrials,-0.08359099573111461,-0.28211922817778523,-0.10813331775605707,0.2387497543112525
IVZ,Invesco,Financials,2.0037664689320303,-0.6573083633615957,-0.3274910797324841,-0.9926507299037853
J,Jacobs Solutions,Industrials,-0.4992152696684663,-0.11365846149967439,-0.2936353661788522,-0.09708674138375784
JBHT,J.B. Hunt,Industrials,-0.7855342139364199,-0.5409387141194876,-0.29644878797616625,-0.4918419205340332
JCI,Johnson Controls,Industrials,-0.6054303618969009,-0.3245413675092781,-0.19510184288434382,-0.25420323059779776
JKHY,Jack Henry & Associates,Financials,-0.4715069847393097,-0.5780896209248914,-0.3100182790582598,-0.2875904845557812
JNJ,Johnson & Johnson,Health Care,0.6137341749859979,-0.6700584709602688,0.9405978420742621,-0.955335563715451
JNPR,Juniper Networks,Information Technology,-0.416090414880996,-0.20028603317155502,-0.31021716962366774,-0.778579513349656
JPM,JPMorgan Chase,Financials,2.3085576031527553,0.6321232822827803,1.5612086247142274,-0.9180203975271164
K,Kellanova,Consumer Staples,-1.0718531582043735,-0.18364728100234037,-0.26233957251357454,0.9536297802351343
KEY,KeyCorp,Financials,1.8282806643807046,-0.6026069525631619,-0.30208365220064853,-0.8237505039986925
KEYS,Keysight,Information Technology,-0.9471658760231677,-0.7219418400219596,-0.2675865711849195,-0.900344792490537
KHC,Kraft Heinz,Consumer Staples,-0.24522265781786243,-0.7802095209284117,-0.21538067966514277,1.5133572730601514
KIM,Kimco Realty,Real Estate,-0.33758360758171846,-0.3781400019201825,-0.29938409505464014,-0.6744898392453545
KLAC,KLA Corporation,Information Technology,-0.9517839235113608,1.5426092970967256,-0.03207956050300758,0.319271955033448
KMB,Kimberly-Clark,Consumer Staples,0.43363032294647896,-0.4492779314673759,-0.19545859313101643,0.9123867018164487
KMI,Kinder Morgan,Energy,-1.4828593846535325,-0.1959091492155166,-0.19775757278223183,0.4901361370537163
KMX,CarMax,Consumer Discretionary,-1.2519570102438926,0.15344606934058755,-0.31168255975300324,-1.1183439212750175
KO,Coca-Cola Company (The),Consumer Staples,-0.850186878771119,-0.27841556910677506,0.642684462052275,0.2839207449602891
KR,Kroger,Consumer Staples,-0.5084513646448521,-0.19791863622659184,-0.2209734470973305,0.15037172912835503
L,Loews Corporation,Financials,2.2300507958534777,0.16097583583293856,-0.2955752005798946,-1.0201461155162426
LDOS,Leidos,Industrials,-0.6700830267315999,0.36577748559193235,-0.2844902163844541,-0.47416631549745364
LEN,Lennar,Consumer Discretionary,-0.531541602085816,1.1929300171528228,-0.18793646614826037,1.075395059376015
LH,LabCorp,Health Care,-0.04664661582557218,-0.32435321031788383,-0.2902555688216257,-1.0515694133590505
LKQ,LKQ Corporation,Consumer Discretionary,-1.5844564293937742,-0.951880807136618,-0.31695060024081556,-0.38971620254490724
LLY,Lilly (Eli),Health Care,1.1263374461753992,2.3494513967382313,2.2699323756935685,-0.6371746730570201
LMT,Lockheed Martin,Industrials,0.1888738060722609,-0.2101311223629387,0.08723851377295008,0.42728954136810043
LNT,Alliant Energy,Utilities,-0.19442413544774148,-0.4540579797545466,-0.30162777249590933,0.5411989960482793
LOW,Lowe's,Consumer Discretionary,-1.630636904275702,-0.10560620676362435,0.11639697078424599,-0.4859500521885067
LRCX,Lam Research,Information Technology,-0.7208815491017209,1.1970818967182943,-0.03185629880307959,-0.2522392744826223
LULU,Lululemon Athletica,Consumer Discretionary,-0.55463183952678,-0.8982557860073925,-0.2468447157466399,-0.8257144601138681
LUV,Southwest Airlines,Industrials,-0.3468197025581039,-0.7476802429315372,-0.2965543227526603,1.032188024842154
LVS,Las Vegas Sands,Consumer Discretionary,0.9092892142303374,-0.9195367267091085,-0.2535411521132913,-0.6843096198212322
LYB,LyondellBasell,Materials,-0.7439717865426848,-0.2359357721917195,-0.25228202508074327,1.515321229175327
MA,Mastercard,Financials,0.7245673147026253,0.1524150854124752,1.135464696326773,-0.7137689615488646
MAA,Mid-America Apartment Communities,Real Estate,-0.20827827791231998,-0.46766331309966647,-0.28725999845452627,-0.3700766413931522
MAR,Marriott International,Consumer Discretionary,-1.3766442924250981,0.49836976724948445,-0.13839241046936154,0.543162952163455
MAS,Masco,Industrials,0.05495042891466969,0.6571162246072808,-0.2945213595616621,0.7749097737541639
MCD,McDonald's,Consumer Discretionary,-0.3976182249282248,-0.3835759510873513,0.3254938830870299,0.3487312967610804
MCHP,Microchip Technology,Information Technology,0.32279718322985207,-0.2113071549012036,-0.21877101766964285,1.8590135493310393
MCK,McKesson Corporation,Health Care,-0.18980608795954879,0.339288805075128,-0.13492616927700432,-0.8119667673076395
MCO,Moody's Corporation,Financials,0.6552966023797331,0.8106210489295068,-0.06786638709191341,-0.8198225917683415
MDLZ,Mondelez International,Consumer Staples,-0.596194266920515,-0.39800244951468156,-0.027349218040063114,0.2839207449602891
MDT,Medtronic,Health Care,0.40130399052912963,-0.31281874905874946,0.013721538963724633,-0.786435337810358
MET,MetLife,Financials,0.9554696891122652,-0.41585981067359856,-0.1753651848904559,-1.0005065543644875
META,Meta Platforms,Communication Services,1.6574129073175705,5.10147021949988,4.0074830966985555,-0.6037874190990367
MGM,MGM Resorts,Consumer Discretionary,1.749773857081427,-0.3170134118197936,-0.3151774751905652,-0.8807052313387821
MHK,Mohawk Industries,Consumer Discretionary,-1.1595960604800364,0.25563003029734044,-0.31989496424873515,-0.006744760085684879
MKC,McCormick & Company,Consumer Staples,-0.623902551849672,-0.6203391032168902,-0.2783418805166652,0.755270212602409
MLM,Martin Marietta Materials,Materials,0.9092892142303374,0.4824512880845399,-0.24663156043510898,2.1398592738011355
MMC,Marsh McLennan,Financials,1.3710939630496173,0.11153804132048717,0.013729197711181787,-1.1183439212750175
MMM,3M,Industrials,-0.0743549007547288,0.013157844933088836,-0.11575040267979395,2.2459129040206123
MNST,Monster Beverage,Consumer Staples,-0.7347356915662989,-0.6709191016271632,-0.19078437533801143,1.2344755047052307
MO,Altria,Consumer Staples,0.40592203801732235,-0.22509917469427518,-0.07466951296888934,0.06199370394545752
MOS,Mosaic Company (The),Materials,0.8769628818129876,-1.133112284236893,-0.32523402580188465,1.5879876054368203
MPC,Marathon Petroleum,Energy,-0.6700830267315999,0.5132946392423959,-0.17529057131986817,2.220381474523331
MRK,Merck & Co.,Health Care,1.0155043064587719,-0.43025327316923156,0.6118230259586331,-0.7726876450041296
MRO,Marathon Oil,Energy,0.41515813299370774,-0.3385343473836622,-0.30232191886069343,3.00203600836318
MS,Morgan Stanley,Financials,1.7682460470341979,-0.17630307962441982,0.1687509577402475,-0.91212852918159
MSCI,MSCI,Financials,0.4798107978284072,-0.08697772230740296,-0.20839779693204186,-0.8276784162290435
MSFT,Microsoft,Information Technology,-0.29140313269979023,0.7696860290043296,10.04005665452921,-0.849281933495974
MSI,Motorola Solutions,Information Technology,-0.416090414880996,0.7273938244587017,-0.11394062223256438,-0.6921654442819342
MTB,M&T Bank,Financials,3.1767505309330017,-0.21448821602205098,-0.25823229284311744,-0.6194990680204406
MTD,Mettler Toledo,Health Care,-0.9286936860703965,-0.5748138873287926,-0.25651177233403544,-0.9396239147940469
MU,Micron Technology,Information Technology,-0.5592498870149726,1.0708992551486622,-0.03539943013528589,0.2839207449602891
NCLH,Norwegian Cruise Line Holdings,Consumer Discretionary,-0.28678508521159757,0.35623940288345374,-0.3235787296601075,0.6256491090008259
NDAQ,"Nasdaq, Inc.",Financials,0.3366513256944302,-0.25022327651991205,-0.21614427784159695,-1.1301276579660704
NDSN,Nordson Corporation,Industrials,-0.7393537390544921,-0.4088000352961437,-0.3046130588232531,0.47049657590196137
NEE,NextEra Energy,Utilities,-0.5084513646448521,-0.6174812335682831,0.20958992577889723,0.7061713097230214
NEM,Newmont,Materials,-0.6839371691961784,-0.41058011411564904,-0.1557078515179971,0.24856953488713
NFLX,Netflix,Communication Services,1.0663028288288925,1.900994275711824,0.6231907126826339,-1.1183439212750175
NI,NiSource,Utilities,-0.8455688312829263,-0.18321857086527368,-0.3019523184990862,1.216799899668651
NKE,"Nike, Inc.",Consumer Discretionary,-0.023556378384607862,-1.077221493026917,0.03695462572156206,-0.5507606039892982
NOC,Northrop Grumman,Industrials,-0.6146664568732862,-0.6034100647328581,-0.10657517058868268,0.39390228741011696
NOW,ServiceNow,Information Technology,-0.06050075829015029,1.6167829292325828,0.23874964608874277,-0.3524010363565727
NRG,NRG Energy,Utilities,-0.4668889372511166,2.4065250287438054,-0.29757316645326,2.163426747183242
NSC,Norfolk Southern Railway,Industrials,-0.5915762194323223,-0.48643157749538946,-0.1720229048682815,0.43907327805915336
NTAP,NetApp,Information Technology,-0.55463183952678,1.2044960882019637,-0.27317390380147183,-0.7059131370881626
NTRS,Northern Trust,Financials,1.6019963374592572,-0.5188153109570874,-0.2927679932902896,-0.7687597327737785
NUE,Nucor,Materials,0.9693238315768441,-0.2644568252434761,-0.24248437500577935,0.6904596608016175
NVDA,Nvidia,Information Technology,-0.16671585051858487,12.492085469606103,8.757967802268142,-0.6843096198212322
NVR,"NVR, Inc.",Consumer Discretionary,-0.6747010742197926,1.2272394020991284,-0.2577035366032962,0.27999283272993797
NWSA,News Corp (Class A),Communication Services,0.008769954032741455,0.4266977160791294,-0.30311608294033676,-1.132091614081246
NXPI,NXP Semiconductors,Information Technology,-0.41147236739280335,0.6138149423815603,-0.16115907687518627,0.5490548205089814
O,Realty Income,Real Estate,-0.44379869981015263,-0.5941792889855382,-0.17612174280936788,-0.26991487951920173
OKE,ONEOK,Energy,-1.5659842394410028,0.242612076613432,-0.17386482047236737,0.9909449464234688
OMC,Omnicom Group,Communication Services,0.0734226188674409,-0.16175488740683724,-0.2875476620617658,-1.1183439212750175
ON,ON Semiconductor,Information Technology,-0.8086244513773838,-0.07819914023255158,-0.2532041409064567,1.1794847334803165
ORCL,Oracle Corporation,Information Technology,-0.5084513646448521,0.6746635502394384,1.1393914493185515,-1.037821720552822
ORLY,O'Reilly Auto Parts,Consumer Discretionary,-1.358172102472327,0.06417535907314037,-0.14077441252213568,-1.10852414069914
OXY,Occidental Petroleum,Energy,0.12422114123756144,-0.6655648132449432,-0.19825343062232298,3.7699428493968
PANW,Palo Alto Networks,Information Technology,-0.5084513646448521,2.3309712146109054,0.010562581984205928,-0.9985425982493119
PARA,Paramount Global,Communication Services,0.30894304076527357,-1.2340821422775377,-0.3276389350103908,-1.1144160090446664
PAYX,Paychex,Industrials,-0.15747975554219906,-0.3110029994894259,-0.19524542466012562,-0.5055896133402616
PCAR,Paccar,Industrials,0.7384214571672042,0.2803366358761154,-0.18645852527942786,0.5058477859751203
PCG,PG&E Corporation,Utilities,-0.5915762194323223,-0.0915969700661791,-0.18336854966446312,0.7454504320265313
PEG,Public Service Enterprise Group,Utilities,-0.5731040294795512,-0.011657034446742752,-0.21582078129737145,1.3149977054274262
PEP,PepsiCo,Consumer Staples,-0.7116454541253351,-0.6117834121932064,0.42902046230536706,0.2917765694209909
PFE,Pfizer,Health Care,1.3526217730968464,-1.318332665879063,0.19158118385435066,-0.7196608298943911
PFG,Principal Financial Group,Financials,0.3966859430409365,-0.5969580823315956,-0.2891283380532753,-0.9769390809823814
PG,Procter & Gamble,Consumer Staples,0.018006049009127265,-0.3130211532423948,0.9762252824961558,0.7493783442568822
PGR,Progressive Corporation,Financials,1.5558158625773295,1.1193189773409242,0.1320161835021602,-0.8512458896111494
PH,Parker Hannifin,Industrials,-0.2128963254005127,1.331208920438711,-0.1014691020821013,0.7218829586444255
PHM,PulteGroup,Consumer Discretionary,-0.8224785938419623,2.7390972365938824,-0.2578444930867796,0.6688561435346867
PKG,Packaging Corporation of America,Materials,-1.4228247673070262,0.5608392909293238,-0.28957376922626027,1.6056632104734
PLD,Prologis,Real Estate,-0.7716800714718414,-0.30856524649158357,0.03307816780329091,-0.5978955507535101
PM,Philip Morris International,Consumer Staples,2.2115786059007068,-0.16142244158143826,0.264061569566162,-0.4643465349215762
PNC,PNC Financial Services,Financials,1.906787471679982,-0.26231436040820416,-0.11972026573457864,-0.7550120399675501
PNR,Pentair,Industrials,-0.29140313269979023,1.1624142574935639,-0.3015598603293466,0.036462274448176055
PNW,Pinnacle West,Utilities,-0.3976182249282248,-0.2402375378850754,-0.3181598565892128,1.754923875226738
PPG,PPG Industries,Materials,-0.0743549007547288,-0.5066325498806085,-0.25595670395411013,1.0204042881511013
PPL,PPL Corporation,Utilities,-0.6331386468260575,-0.3822183739611725,-0.2740315124449946,2.218417518408155
PRU,Prudential Financial,Financials,1.1771359685455198,-0.15990280760127268,-0.21537233663097125,-1.010326334940365
PSA,Public Storage,Real Estate,-0.46227088976292385,-0.09648042007013855,-0.1473874646048313,-0.20510432771841025
PSX,Phillips 66,Energy,-0.39300017744003213,0.14367598751312655,-0.17896036149103514,2.94115336879274
PTC,PTC,Information Technology,-0.6146664568732862,0.3355412549885808,-0.2836784220523954,-0.16975311764525133
PWR,Quanta Services,Industrials,1.0801569712934707,1.1526787101161196,-0.22183676690304638,1.2501871536266347
PYPL,PayPal,Financials,-0.43918065232195996,-0.5983353074674375,-0.1157651674815928,-0.5802199457169306
QCOM,Qualcomm,Information Technology,-0.531541602085816,0.5815834528121442,0.2522830476263324,-0.08726696080788038
QRVO,Qorvo,Information Technology,0.46133860787563596,-0.013931502314300865,-0.3208752937927709,1.283574407584618
RCL,Royal Caribbean Group,Consumer Discretionary,-0.8409507837947335,3.6808202681902147,-0.2111128492243231,0.464604707556435
REG,Regency Centers,Real Estate,-0.8917493061648545,-0.2682876391107113,-0.3076294703265815,-0.40542785146631116
REGN,Regeneron,Health Care,0.018006049009127265,0.5976951935860761,0.056876212200012495,-1.06924501839563
RF,Regions Financial Corporation,Financials,0.7661297420963604,-0.38574297926923096,-0.28525250520459905,-0.778579513349656
RJF,Raymond James,Financials,3.1120978660983023,-0.32173559835235466,-0.271645174383136,-0.6744898392453545
RL,Ralph Lauren Corporation,Consumer Discretionary,-0.4992152696684663,0.4649352645873302,-0.31538629120317174,-0.8964168802601861
RMD,ResMed,Health Care,1.72206557215227,-0.2419981665010705,-0.23264320692765253,-0.44077906153947016
ROK,Rockwell Automation,Industrials,-0.4853611272038878,-0.475004028916749,-0.2555451581328471,-0.08137509246235383
ROL,"Rollins, Inc.",Industrials,0.10113090379659752,0.11545849972870378,-0.2715149427779647,-0.7903632500407091
ROP,Roper Technologies,Information Technology,-0.28216703772340485,-0.056573297078374295,-0.15981132155376548,-0.2188520205246388
ROST,Ross Stores,Consumer Discretionary,-0.4715069847393097,-0.01361547271081487,-0.18823319655446552,-0.7844713816951825
RSG,Republic Services,Industrials,-1.3858803874014838,0.5509943342254617,-0.14428001335992996,1.0616473665697865
RVTY,Revvity,Health Care,-0.39300017744003213,-0.781261900178837,-0.302832715864102,-0.9887228176734345
SBAC,SBA Communications,Real Estate,-0.6793191217079854,-0.8944678996463844,-0.2668670766031434,-0.5252291744920167
SBUX,Starbucks,Consumer Discretionary,-1.1226516805744944,-0.6574238559787109,-0.0003856369838768202,0.0011110643750171243
SCHW,Charles Schwab Corporation,Financials,2.4193907428693824,-0.9122654274303575,0.022825552599100286,-0.6666340147846526
SHW,Sherwin-Williams,Materials,-0.39300017744003213,0.4178225152340265,-0.04428778818075114,1.6744016745045425
SJM,J.M. Smucker Company (The),Consumer Staples,-0.5223055071094302,-1.0422886932014004,-0.31016856552790656,1.3955199061496217
SLB,Schlumberger,Energy,-0.36529189251087507,-0.806209516180476,-0.16218680972339306,0.45085701475020645
SNA,Snap-on,Industrials,0.4243942279700935,-0.12604984127039232,-0.3038566555268199,0.6315409773463524
SNPS,Synopsys,Information Technology,-1.173450202944615,0.5639077253247763,-0.10362099956780357,-0.4800581838429802
SO,Southern Company,Utilities,0.27661670834792385,-0.1888002954801608,-0.035388165723218325,1.7470680507660359
SPG,Simon Property Group,Real Estate,-0.25445875279424784,0.20581819344105687,-0.15288461612804358,-0.3838243341993807
SPGI,S&P Global,Financials,0.05495042891466969,0.3968395737671015,0.1788341330264685,-1.1360195263115969
SRE,Sempra,Utilities,-0.8409507837947335,-0.42401085383063675,-0.18072671605062107,0.9968368147689951
STLD,Steel Dynamics,Materials,0.6275883174505769,-0.09270684222872165,-0.2947352649567068,0.9379181313137304
STT,State Street Corporation,Financials,1.3018232507267251,-0.3499505872414744,-0.2683226728788793,-0.8198225917683415
STX,Seagate Technology,Information Technology,-0.6654649792434072,1.0854510048723431,-0.282467234567934,-0.8237505039986925
STZ,Constellation Brands,Consumer Staples,-0.7024093591489496,-0.44477253213825413,-0.20344199515606745,0.7199190025292497
SWK,Stanley Black & Decker,Industrials,0.5075190827575637,0.06316796479838074,-0.30054508616079345,-0.15404146872384733
SWKS,Skyworks Solutions,Information Technology,0.2350542809541887,-0.17232948649617225,-0.3015903143779767,1.1853766018258431
SYF,Synchrony Financial,Financials,0.2535264709069599,0.4331401597262259,-0.2890324523774221,-1.1104880968143154
SYK,Stryker Corporation,Health Care,1.9991484214438378,0.27897164096919175,0.10389615789866329,-0.3524010363565727
SYY,Sysco,Consumer Staples,-1.0302907308106384,-0.5008199250438699,-0.2286674616389961,-0.07155531188647636
T,AT&T,Communication Services,0.008769954032741455,-0.43713497808470203,0.15023384342435245,-0.4957698327643842
TAP,Molson Coors Beverage Company,Consumer Staples,-0.5500137920385872,-0.38431834094471534,-0.3145231622081743,0.28784865719064
TDG,TransDigm Group,Industrials,1.0616847813406998,1.575088890651079,-0.10353814823792343,1.2226917680141776
TEL,TE Connectivity,Information Technology,-0.9933463509050959,0.05629091832760463,-0.2071978870190079,0.005038976605368039
TER,Teradyne,Information Technology,-0.7716800714718414,0.5032600830401073,-0.28349259215168027,0.26035327157818305
TFX,Teleflex,Health Care,0.9092892142303374,-0.580395754001692,-0.31494368929256356,-0.18742872268183078
TGT,Target Corporation,Consumer Staples,-0.850186878771119,-0.5249832770058072,-0.12528504320827602,-0.7569759960827256
TJX,TJX Companies,Consumer Discretionary,-0.8594229737475048,0.3132611801831781,0.08192010583515107,-0.7648318205434276
TMO,Thermo Fisher Scientific,Health Care,-0.10668123317207852,-0.3483318253404055,0.40222442621932597,-0.8532098457263251
TMUS,T-Mobile US,Communication Services,0.17040161611948967,0.21551639668933276,0.4201532118731686,-0.31312191405306267
TPR,"Tapestry, Inc.",Consumer Discretionary,-0.7024093591489496,-0.4491949389137798,-0.3194803424270974,-0.919984353642292
TRGP,Targa Resources,Energy,-1.1365058230390725,1.3704636485505117,-0.2444932631478551,1.6586900255831385
TRMB,Trimble Inc.,Information Technology,-0.6793191217079854,-0.3332733459123284,-0.30574331953421857,-0.39757202700560923
TROW,T. Rowe Price,Financials,-0.5223055071094302,-0.5977397082806771,-0.2743131161670038,-0.6666340147846526
TRV,Travelers Companies (The),Financials,1.532725625136365,-0.15828535461816895,-0.1740888980526087,-0.9376599586788715
TSCO,Tractor Supply,Consumer Discretionary,-1.0302907308106384,-0.19388331752259708,-0.25558297155349685,-0.46238257880640066
TSLA,"Tesla, Inc.",Consumer Discretionary,0.5306093201985277,1.1952803811408172,1.9872583766255725,-0.4859500521885067
TSN,Tyson Foods,Consumer Staples,1.2972052032385324,-0.5272803004321445,-0.2807857578796516,1.6174469471644528
TT,Trane Technologies,Industrials,-0.7347356915662989,1.422294966300513,-0.07990025325108772,-0.27384279174955284
TXN,Texas Instruments,Information Technology,0.10574895128479023,0.009499432034759971,0.23926033452743226,0.38801041906459044
TXT,Textron,Industrials,-0.04202856833737907,-0.01758087759436268,-0.29810518292449445,1.0086205514600481
UAL,United Airlines Holdings,Industrials,-0.7670620239836486,-0.22098805226284418,-0.2958800568908331,0.9811251658475911
UDR,"UDR, Inc.",Real Estate,-0.18980608795954879,-0.2745486052381653,-0.29479445575750113,-0.40542785146631116
UHS,Universal Health Services,Health Care,0.8769628818129876,0.6409544152018717,-0.3011261113781058,-0.40935576369666216
ULTA,Ulta Beauty,Consumer Discretionary,-1.1180336330863012,-0.9946263729866618,-0.29139920931176133,-0.3347254313199932
UNH,UnitedHealth Group,Health Care,-0.5130694121330448,-0.3019661790362378,1.363140150837428,-1.1301276579660704
UNP,Union Pacific Corporation,Industrials,-0.5084513646448521,-0.13190170869152085,0.14475397014067837,0.29766843776651747
UPS,United Parcel Service,Industrials,-0.5592498870149726,-1.0207992759859807,0.003262874502344772,-0.31704982628341377
URI,United Rentals,Industrials,-0.5915762194323223,1.3683010341220398,-0.18761683845584312,-0.09119487303823129
USB,U.S. Bank,Financials,2.913521824106012,-0.44402867599216733,-0.12743830926740707,-0.7923272061558846
V,Visa Inc.,Financials,-0.023556378384607862,0.04384882200788526,1.471223237374536,-0.7805434694648316
VLO,Valero Energy,Energy,-0.7901522614246126,-0.1520686705148546,-0.21171353452531408,2.821352045767034
VMC,Vulcan Materials Company,Materials,1.084775018781664,0.150164779021271,-0.24749394592627255,1.4996095802539229
VRSK,Verisk,Industrials,-0.7947703089128053,0.40948706726772216,-0.22822282002760466,-1.1261997457357193
VRSN,Verisign,Information Technology,-0.42070846236918874,-0.7056777598416525,-0.29415380548051806,-0.20510432771841025
VRTX,Vertex Pharmaceuticals,Health Care,-0.06050075829015029,0.7565907568865957,0.05435048361849774,-0.9887228176734345
VTR,Ventas,Real Estate,-0.5269235545976233,0.10844473678217711,-0.26561218030480066,-0.4643465349215762
VZ,Verizon,Communication Services,-0.6054303618969009,-0.4736005807152817,0.24464909240321397,-0.40149993923596017
WAB,Wabtec,Industrials,-0.33296556009352535,0.6962160324634435,-0.2534886791657219,-0.08333904857752929
WAT,Waters Corporation,Health Care,-0.7439717865426848,-0.5432076669771697,-0.2887527238641975,-0.8708854507629046
WBA,Walgreens Boots Alliance,Consumer Staples,-0.7024093591489496,-1.881944481566809,-0.3263642437449305,-0.7844713816951825
WDC,Western Digital,Information Technology,-0.30063922767617607,1.3863202661168295,-0.27878756829716805,-0.845354021265623
WEC,WEC Energy Group,Utilities,-0.7254995965899136,-0.5684375917812058,-0.25386374066168427,1.48782584356287
WELL,Welltower,Real Estate,-0.55463183952678,0.8787941645450618,-0.09868273921856521,-0.3033021334771852
WFC,Wells Fargo,Financials,5.878308311525789,0.16205314444902405,0.24459724452523943,-0.7334085227006196
WM,Waste Management,Industrials,-1.5613661919528101,0.07530640173470463,-0.08290103472470435,0.4528209708653819
WMB,Williams Companies,Energy,-1.727615901527751,0.20558449054933078,-0.17319195608236868,0.5765502061214385
WMT,Walmart,Consumer Staples,0.16116552114310387,0.5428127817220876,1.678334296994735,0.014858757181245675
WRB,W. R. Berkley Corporation,Financials,2.405536600404804,-0.13169203264167828,-0.2796637776958982,-0.7491201716220236
WTW,Willis Towers Watson,Financials,1.8744611392626322,-0.20702725277339334,-0.2559136596879033,-1.1222718335053683
WY,Weyerhaeuser,Real Estate,-1.5013315746063036,-0.5684176149986941,-0.27379763772131366,0.64136075792223
WYNN,Wynn Resorts,Consumer Discretionary,1.7913362844751621,-0.7282972051690995,-0.32296488828906444,-0.47416631549745364
XEL,Xcel Energy,Utilities,-1.0210546358342525,-0.7712686290547439,-0.23585844648942939,1.3582047399612869
XOM,ExxonMobil,Energy,0.8215463119546744,-0.3564454476615108,1.2782714384483909,3.4026830558589816
XYL,Xylem Inc.,Industrials,-0.6977913116607565,-0.1176864689198139,-0.2475960296606349,-0.29741026513165886
YUM,Yum! Brands,Consumer Discretionary,-1.191922392897386,-0.4357184964594654,-0.22994269572805198,-0.24634740613709574
ZBH,Zimmer Biomet,Health Care,0.5490815101512989,-0.7121146185136278,-0.28198123308840195,-0.4289953248484172
ZTS,Zoetis,Health Care,0.9323794516713017,-0.1038055146046864,-0.0666296178118219,-0.4996977449947351
